Event Index,UTC Timestamp,UTC Date,Local Timestamp,Local Timezone,Local Date,Experiment ID,Experiment Version,Tree Node Key,Repeat Key,Schedule ID,Participant Public ID,Participant Private ID,Participant Starting Group,Participant Status,Participant Completion Code,Participant External Session ID,Participant Device Type,Participant Device,Participant OS,Participant Browser,Participant Monitor Size,Participant Viewport Size,Checkpoint,Task Name,Task Version,randomiser-gazk,Spreadsheet,Spreadsheet Name,Spreadsheet Row,Trial Number,Screen Number,Screen Name,Zone Name,Zone Type,Reaction Time,Reaction Onset,Response Type,Response,Attempt,Correct,Incorrect,Dishonest,X Coordinate,Y Coordinate,Timed Out,randomise_blocks,randomise_trials,display,ANSWER,label,button1,button2,button3,button4,ShowProgressBar,frequency,list
1,1617178253172,31/03/2021 08:10:53,1617178253043,1,31/03/2021 09:10:53,45245,5,task-hpz2,,11500643,BLIND,3502047,,complete,,60642af88923fa540be88a48,computer,Desktop or Laptop,Mac OS 10.14.6,Chrome 88.0.4324.192,1280x800,1276x697,,2AFC - 4 pictures,4,listA,listA,,,BEGIN TASK,,,,,,,,,,0,1,0,,,,,,,,,,,,,,,
2,1617178267591,31/03/2021 08:11:07,1617178267512,1,31/03/2021 09:11:07,45245,5,task-hpz2,,11500643,BLIND,3502047,,complete,,60642af88923fa540be88a48,computer,Desktop or Laptop,Mac OS 10.14.6,Chrome 88.0.4324.192,1280x800,1276x697,,2AFC - 4 pictures,4,listA,listA,listA,1,1,1,Screen 2,advancementZone,continue_button,14164.540000027046,,,,,0,1,0,,,,,,instructions,,,,,,,,,1
3,1617178268577,31/03/2021 08:11:08,1617178268505,1,31/03/2021 09:11:08,45245,5,task-hpz2,,11500643,BLIND,3502047,,complete,,60642af88923fa540be88a48,computer,Desktop or Laptop,Mac OS 10.14.6,Chrome 88.0.4324.192,1280x800,1276x697,,2AFC - 4 pictures,4,listA,listA,listA,39,1,1,Screen 1,fixation,fixation,1000.4399999999987,,,,,0,1,0,,,,,1,task,,"<p style=""font-size: 700%;""> dep</p>",,,,,1,low,1
4,1617178271562,31/03/2021 08:11:11,1617178271429,1,31/03/2021 09:11:11,45245,5,task-hpz2,,11500643,BLIND,3502047,,complete,,60642af88923fa540be88a48,computer,Desktop or Laptop,Mac OS 10.14.6,Chrome 88.0.4324.192,1280x800,1276x697,,2AFC - 4 pictures,4,listA,listA,listA,39,1,2,Screen 2,buttonB,response_button_image,2905.524999834597,,,,1,1,0,0,,,,,1,task,,"<p style=""font-size: 700%;""> dep</p>",,,,,1,low,1
5,1617178272516,31/03/2021 08:11:12,1617178272407,1,31/03/2021 09:11:12,45245,5,task-hpz2,,11500643,BLIND,3502047,,complete,,60642af88923fa540be88a48,computer,Desktop or Laptop,Mac OS 10.14.6,Chrome 88.0.4324.192,1280x800,1276x697,,2AFC - 4 pictures,4,listA,listA,listA,39,1,3,Screen 3,Zone1,timelimit_screen,1000.4399999999987,,,,,0,1,0,,,1,,1,task,,"<p style=""font-size: 700%;""> dep</p>",,,,,1,low,1
6,1617178273474,31/03/2021 08:11:13,1617178273407,1,31/03/2021 09:11:13,45245,5,task-hpz2,,11500643,BLIND,3502047,,complete,,60642af88923fa540be88a48,computer,Desktop or Laptop,Mac OS 10.14.6,Chrome 88.0.4324.192,1280x800,1276x697,,2AFC - 4 pictures,4,listA,listA,listA,51,2,1,Screen 1,fixation,fixation,1000.4400000000023,,,,,0,1,0,,,,,1,task,,"<p style=""font-size: 700%;""> tob</p>",,,,,1,low,1
7,1617178276401,31/03/2021 08:11:16,1617178276327,1,31/03/2021 09:11:16,45245,5,task-hpz2,,11500643,BLIND,3502047,,complete,,60642af88923fa540be88a48,computer,Desktop or Laptop,Mac OS 10.14.6,Chrome 88.0.4324.192,1280x800,1276x697,,2AFC - 4 pictures,4,listA,listA,listA,51,2,2,Screen 2,buttonC,response_button_image,2905.9099999722093,,,,1,1,0,0,,,,,1,task,,"<p style=""font-size: 700%;""> tob</p>",,,,,1,low,1
8,1617178277416,31/03/2021 08:11:17,1617178277324,1,31/03/2021 09:11:17,45245,5,task-hpz2,,11500643,BLIND,3502047,,complete,,60642af88923fa540be88a48,computer,Desktop or Laptop,Mac OS 10.14.6,Chrome 88.0.4324.192,1280x800,1276x697,,2AFC - 4 pictures,4,listA,listA,listA,51,2,3,Screen 3,Zone1,timelimit_screen,1000.4400000000023,,,,,0,1,0,,,1,,1,task,,"<p style=""font-size: 700%;""> tob</p>",,,,,1,low,1
9,1617178278388,31/03/2021 08:11:18,1617178278324,1,31/03/2021 09:11:18,45245,5,task-hpz2,,11500643,BLIND,3502047,,complete,,60642af88923fa540be88a48,computer,Desktop or Laptop,Mac OS 10.14.6,Chrome 88.0.4324.192,1280x800,1276x697,,2AFC - 4 pictures,4,listA,listA,listA,46,3,1,Screen 1,fixation,fixation,1000.4399999999987,,,,,0,1,0,,,,,1,task,,"<p style=""font-size: 700%;""> wug</p>",,,,,1,low,1
10,1617178279888,31/03/2021 08:11:19,1617178279823,1,31/03/2021 09:11:19,45245,5,task-hpz2,,11500643,BLIND,3502047,,complete,,60642af88923fa540be88a48,computer,Desktop or Laptop,Mac OS 10.14.6,Chrome 88.0.4324.192,1280x800,1276x697,,2AFC - 4 pictures,4,listA,listA,listA,46,3,2,Screen 2,buttonD,response_button_image,1485.5900001712143,,,,1,1,0,0,,,,,1,task,,"<p style=""font-size: 700%;""> wug</p>",,,,,1,low,1
11,1617178280872,31/03/2021 08:11:20,1617178280808,1,31/03/2021 09:11:20,45245,5,task-hpz2,,11500643,BLIND,3502047,,complete,,60642af88923fa540be88a48,computer,Desktop or Laptop,Mac OS 10.14.6,Chrome 88.0.4324.192,1280x800,1276x697,,2AFC - 4 pictures,4,listA,listA,listA,46,3,3,Screen 3,Zone1,timelimit_screen,1000.4399999999987,,,,,0,1,0,,,1,,1,task,,"<p style=""font-size: 700%;""> wug</p>",,,,,1,low,1
12,1617178281938,31/03/2021 08:11:21,1617178281809,1,31/03/2021 09:11:21,45245,5,task-hpz2,,11500643,BLIND,3502047,,complete,,60642af88923fa540be88a48,computer,Desktop or Laptop,Mac OS 10.14.6,Chrome 88.0.4324.192,1280x800,1276x697,,2AFC - 4 pictures,4,listA,listA,listA,53,4,1,Screen 1,fixation,fixation,1000.4399999999987,,,,,0,1,0,,,,,1,task,,"<p style=""font-size: 700%;""> dep</p>",,,,,1,low,1
13,1617178285362,31/03/2021 08:11:25,1617178285311,1,31/03/2021 09:11:25,45245,5,task-hpz2,,11500643,BLIND,3502047,,complete,,60642af88923fa540be88a48,computer,Desktop or Laptop,Mac OS 10.14.6,Chrome 88.0.4324.192,1280x800,1276x697,,2AFC - 4 pictures,4,listA,listA,listA,53,4,2,Screen 2,Zone1,timelimit_screen,3501.5400000000045,,,,,0,1,0,,,1,,1,task,,"<p style=""font-size: 700%;""> dep</p>",,,,,1,low,1
14,1617178286362,31/03/2021 08:11:26,1617178286314,1,31/03/2021 09:11:26,45245,5,task-hpz2,,11500643,BLIND,3502047,,complete,,60642af88923fa540be88a48,computer,Desktop or Laptop,Mac OS 10.14.6,Chrome 88.0.4324.192,1280x800,1276x697,,2AFC - 4 pictures,4,listA,listA,listA,53,4,3,Screen 3,Zone1,timelimit_screen,1004.2649999999994,,,,,0,1,0,,,1,,1,task,,"<p style=""font-size: 700%;""> dep</p>",,,,,1,low,1
15,1617178287392,31/03/2021 08:11:27,1617178287316,1,31/03/2021 09:11:27,45245,5,task-hpz2,,11500643,BLIND,3502047,,complete,,60642af88923fa540be88a48,computer,Desktop or Laptop,Mac OS 10.14.6,Chrome 88.0.4324.192,1280x800,1276x697,,2AFC - 4 pictures,4,listA,listA,listA,30,5,1,Screen 1,fixation,fixation,1000.439999999995,,,,,0,1,0,,,,,1,task,,"<p style=""font-size: 700%;""> wug</p>",,,,,1,high,1
16,1617178289973,31/03/2021 08:11:29,1617178289909,1,31/03/2021 09:11:29,45245,5,task-hpz2,,11500643,BLIND,3502047,,complete,,60642af88923fa540be88a48,computer,Desktop or Laptop,Mac OS 10.14.6,Chrome 88.0.4324.192,1280x800,1276x697,,2AFC - 4 pictures,4,listA,listA,listA,30,5,2,Screen 2,buttonC,response_button_image,2580.634999787435,,,,1,1,0,0,,,,,1,task,,"<p style=""font-size: 700%;""> wug</p>",,,,,1,high,1
17,1617178291021,31/03/2021 08:11:31,1617178290900,1,31/03/2021 09:11:30,45245,5,task-hpz2,,11500643,BLIND,3502047,,complete,,60642af88923fa540be88a48,computer,Desktop or Laptop,Mac OS 10.14.6,Chrome 88.0.4324.192,1280x800,1276x697,,2AFC - 4 pictures,4,listA,listA,listA,30,5,3,Screen 3,Zone1,timelimit_screen,1000.4400000000023,,,,,0,1,0,,,1,,1,task,,"<p style=""font-size: 700%;""> wug</p>",,,,,1,high,1
18,1617178291959,31/03/2021 08:11:31,1617178291900,1,31/03/2021 09:11:31,45245,5,task-hpz2,,11500643,BLIND,3502047,,complete,,60642af88923fa540be88a48,computer,Desktop or Laptop,Mac OS 10.14.6,Chrome 88.0.4324.192,1280x800,1276x697,,2AFC - 4 pictures,4,listA,listA,listA,28,6,1,Screen 1,fixation,fixation,1000.4400000000023,,,,,0,1,0,,,,,1,task,,"<p style=""font-size: 700%;""> dep</p>",,,,,1,low,1
19,1617178293584,31/03/2021 08:11:33,1617178293529,1,31/03/2021 09:11:33,45245,5,task-hpz2,,11500643,BLIND,3502047,,complete,,60642af88923fa540be88a48,computer,Desktop or Laptop,Mac OS 10.14.6,Chrome 88.0.4324.192,1280x800,1276x697,,2AFC - 4 pictures,4,listA,listA,listA,28,6,2,Screen 2,buttonA,response_button_image,1616.3699999451637,,,,1,1,0,0,,,,,1,task,,"<p style=""font-size: 700%;""> dep</p>",,,,,1,low,1
20,1617178294598,31/03/2021 08:11:34,1617178294519,1,31/03/2021 09:11:34,45245,5,task-hpz2,,11500643,BLIND,3502047,,complete,,60642af88923fa540be88a48,computer,Desktop or Laptop,Mac OS 10.14.6,Chrome 88.0.4324.192,1280x800,1276x697,,2AFC - 4 pictures,4,listA,listA,listA,28,6,3,Screen 3,Zone1,timelimit_screen,1000.4400000000023,,,,,0,1,0,,,1,,1,task,,"<p style=""font-size: 700%;""> dep</p>",,,,,1,low,1
21,1617178295573,31/03/2021 08:11:35,1617178295513,1,31/03/2021 09:11:35,45245,5,task-hpz2,,11500643,BLIND,3502047,,complete,,60642af88923fa540be88a48,computer,Desktop or Laptop,Mac OS 10.14.6,Chrome 88.0.4324.192,1280x800,1276x697,,2AFC - 4 pictures,4,listA,listA,listA,7,7,1,Screen 1,fixation,fixation,993.3159999999989,,,,,0,1,0,,,,,1,task,,"<p style=""font-size: 700%;""> tob</p>",,,,,1,low,1
22,1617178297793,31/03/2021 08:11:37,1617178297733,1,31/03/2021 09:11:37,45245,5,task-hpz2,,11500643,BLIND,3502047,,complete,,60642af88923fa540be88a48,computer,Desktop or Laptop,Mac OS 10.14.6,Chrome 88.0.4324.192,1280x800,1276x697,,2AFC - 4 pictures,4,listA,listA,listA,7,7,2,Screen 2,buttonC,response_button_image,2208.2499999087304,,,,1,1,0,0,,,,,1,task,,"<p style=""font-size: 700%;""> tob</p>",,,,,1,low,1
23,1617178298782,31/03/2021 08:11:38,1617178298731,1,31/03/2021 09:11:38,45245,5,task-hpz2,,11500643,BLIND,3502047,,complete,,60642af88923fa540be88a48,computer,Desktop or Laptop,Mac OS 10.14.6,Chrome 88.0.4324.192,1280x800,1276x697,,2AFC - 4 pictures,4,listA,listA,listA,7,7,3,Screen 3,Zone1,timelimit_screen,1000.4400000000023,,,,,0,1,0,,,1,,1,task,,"<p style=""font-size: 700%;""> tob</p>",,,,,1,low,1
24,1617178299795,31/03/2021 08:11:39,1617178299730,1,31/03/2021 09:11:39,45245,5,task-hpz2,,11500643,BLIND,3502047,,complete,,60642af88923fa540be88a48,computer,Desktop or Laptop,Mac OS 10.14.6,Chrome 88.0.4324.192,1280x800,1276x697,,2AFC - 4 pictures,4,listA,listA,listA,37,8,1,Screen 1,fixation,fixation,1000.439999999995,,,,,0,1,0,,,,,1,task,,"<p style=""font-size: 700%;""> tob</p>",,,,,1,low,1
25,1617178300583,31/03/2021 08:11:40,1617178300519,1,31/03/2021 09:11:40,45245,5,task-hpz2,,11500643,BLIND,3502047,,complete,,60642af88923fa540be88a48,computer,Desktop or Laptop,Mac OS 10.14.6,Chrome 88.0.4324.192,1280x800,1276x697,,2AFC - 4 pictures,4,listA,listA,listA,37,8,2,Screen 2,buttonB,response_button_image,774.3750000372529,,,,1,1,0,0,,,,,1,task,,"<p style=""font-size: 700%;""> tob</p>",,,,,1,low,1
26,1617178301567,31/03/2021 08:11:41,1617178301515,1,31/03/2021 09:11:41,45245,5,task-hpz2,,11500643,BLIND,3502047,,complete,,60642af88923fa540be88a48,computer,Desktop or Laptop,Mac OS 10.14.6,Chrome 88.0.4324.192,1280x800,1276x697,,2AFC - 4 pictures,4,listA,listA,listA,37,8,3,Screen 3,Zone1,timelimit_screen,1000.4400000000023,,,,,0,1,0,,,1,,1,task,,"<p style=""font-size: 700%;""> tob</p>",,,,,1,low,1
27,1617178302565,31/03/2021 08:11:42,1617178302515,1,31/03/2021 09:11:42,45245,5,task-hpz2,,11500643,BLIND,3502047,,complete,,60642af88923fa540be88a48,computer,Desktop or Laptop,Mac OS 10.14.6,Chrome 88.0.4324.192,1280x800,1276x697,,2AFC - 4 pictures,4,listA,listA,listA,11,9,1,Screen 1,fixation,fixation,1000.4400000000023,,,,,0,1,0,,,,,1,task,,"<p style=""font-size: 700%;""> tob</p>",,,,,1,high,1
28,1617178303743,31/03/2021 08:11:43,1617178303683,1,31/03/2021 09:11:43,45245,5,task-hpz2,,11500643,BLIND,3502047,,complete,,60642af88923fa540be88a48,computer,Desktop or Laptop,Mac OS 10.14.6,Chrome 88.0.4324.192,1280x800,1276x697,,2AFC - 4 pictures,4,listA,listA,listA,11,9,2,Screen 2,buttonA,response_button_image,1155.5599998682737,,,,1,1,0,0,,,,,1,task,,"<p style=""font-size: 700%;""> tob</p>",,,,,1,high,1
29,1617178304763,31/03/2021 08:11:44,1617178304684,1,31/03/2021 09:11:44,45245,5,task-hpz2,,11500643,BLIND,3502047,,complete,,60642af88923fa540be88a48,computer,Desktop or Laptop,Mac OS 10.14.6,Chrome 88.0.4324.192,1280x800,1276x697,,2AFC - 4 pictures,4,listA,listA,listA,11,9,3,Screen 3,Zone1,timelimit_screen,1000.439999999995,,,,,0,1,0,,,1,,1,task,,"<p style=""font-size: 700%;""> tob</p>",,,,,1,high,1
30,1617178305743,31/03/2021 08:11:45,1617178305683,1,31/03/2021 09:11:45,45245,5,task-hpz2,,11500643,BLIND,3502047,,complete,,60642af88923fa540be88a48,computer,Desktop or Laptop,Mac OS 10.14.6,Chrome 88.0.4324.192,1280x800,1276x697,,2AFC - 4 pictures,4,listA,listA,listA,20,10,1,Screen 1,fixation,fixation,1000.4400000000023,,,,,0,1,0,,,,,1,task,,"<p style=""font-size: 700%;""> tob</p>",,,,,1,high,1
31,1617178306769,31/03/2021 08:11:46,1617178306706,1,31/03/2021 09:11:46,45245,5,task-hpz2,,11500643,BLIND,3502047,,complete,,60642af88923fa540be88a48,computer,Desktop or Laptop,Mac OS 10.14.6,Chrome 88.0.4324.192,1280x800,1276x697,,2AFC - 4 pictures,4,listA,listA,listA,20,10,2,Screen 2,buttonB,response_button_image,1009.1300001367927,,,,1,1,0,0,,,,,1,task,,"<p style=""font-size: 700%;""> tob</p>",,,,,1,high,1
32,1617178307753,31/03/2021 08:11:47,1617178307696,1,31/03/2021 09:11:47,45245,5,task-hpz2,,11500643,BLIND,3502047,,complete,,60642af88923fa540be88a48,computer,Desktop or Laptop,Mac OS 10.14.6,Chrome 88.0.4324.192,1280x800,1276x697,,2AFC - 4 pictures,4,listA,listA,listA,20,10,3,Screen 3,Zone1,timelimit_screen,1000.439999999995,,,,,0,1,0,,,1,,1,task,,"<p style=""font-size: 700%;""> tob</p>",,,,,1,high,1
33,1617178308847,31/03/2021 08:11:48,1617178308716,1,31/03/2021 09:11:48,45245,5,task-hpz2,,11500643,BLIND,3502047,,complete,,60642af88923fa540be88a48,computer,Desktop or Laptop,Mac OS 10.14.6,Chrome 88.0.4324.192,1280x800,1276x697,,2AFC - 4 pictures,4,listA,listA,listA,12,11,1,Screen 1,fixation,fixation,1017.1140000000014,,,,,0,1,0,,,,,1,task,,"<p style=""font-size: 700%;""> dep</p>",,,,,1,low,1
34,1617178312274,31/03/2021 08:11:52,1617178312214,1,31/03/2021 09:11:52,45245,5,task-hpz2,,11500643,BLIND,3502047,,complete,,60642af88923fa540be88a48,computer,Desktop or Laptop,Mac OS 10.14.6,Chrome 88.0.4324.192,1280x800,1276x697,,2AFC - 4 pictures,4,listA,listA,listA,12,11,2,Screen 2,Zone1,timelimit_screen,3501.540000000001,,,,,0,1,0,,,1,,1,task,,"<p style=""font-size: 700%;""> dep</p>",,,,,1,low,1
35,1617178313332,31/03/2021 08:11:53,1617178313215,1,31/03/2021 09:11:53,45245,5,task-hpz2,,11500643,BLIND,3502047,,complete,,60642af88923fa540be88a48,computer,Desktop or Laptop,Mac OS 10.14.6,Chrome 88.0.4324.192,1280x800,1276x697,,2AFC - 4 pictures,4,listA,listA,listA,12,11,3,Screen 3,Zone1,timelimit_screen,1000.4400000000023,,,,,0,1,0,,,1,,1,task,,"<p style=""font-size: 700%;""> dep</p>",,,,,1,low,1
36,1617178314289,31/03/2021 08:11:54,1617178314217,1,31/03/2021 09:11:54,45245,5,task-hpz2,,11500643,BLIND,3502047,,complete,,60642af88923fa540be88a48,computer,Desktop or Laptop,Mac OS 10.14.6,Chrome 88.0.4324.192,1280x800,1276x697,,2AFC - 4 pictures,4,listA,listA,listA,10,12,1,Screen 1,fixation,fixation,1000.4400000000023,,,,,0,1,0,,,,,1,task,,"<p style=""font-size: 700%;""> dep</p>",,,,,1,low,1
37,1617178317771,31/03/2021 08:11:57,1617178317712,1,31/03/2021 09:11:57,45245,5,task-hpz2,,11500643,BLIND,3502047,,complete,,60642af88923fa540be88a48,computer,Desktop or Laptop,Mac OS 10.14.6,Chrome 88.0.4324.192,1280x800,1276x697,,2AFC - 4 pictures,4,listA,listA,listA,10,12,2,Screen 2,Zone1,timelimit_screen,3495.9089999999997,,,,,0,1,0,,,1,,1,task,,"<p style=""font-size: 700%;""> dep</p>",,,,,1,low,1
38,1617178318896,31/03/2021 08:11:58,1617178318712,1,31/03/2021 09:11:58,45245,5,task-hpz2,,11500643,BLIND,3502047,,complete,,60642af88923fa540be88a48,computer,Desktop or Laptop,Mac OS 10.14.6,Chrome 88.0.4324.192,1280x800,1276x697,,2AFC - 4 pictures,4,listA,listA,listA,10,12,3,Screen 3,Zone1,timelimit_screen,1000.4400000000023,,,,,0,1,0,,,1,,1,task,,"<p style=""font-size: 700%;""> dep</p>",,,,,1,low,1
39,1617178319771,31/03/2021 08:11:59,1617178319713,1,31/03/2021 09:11:59,45245,5,task-hpz2,,11500643,BLIND,3502047,,complete,,60642af88923fa540be88a48,computer,Desktop or Laptop,Mac OS 10.14.6,Chrome 88.0.4324.192,1280x800,1276x697,,2AFC - 4 pictures,4,listA,listA,listA,52,13,1,Screen 1,fixation,fixation,1000.4399999999878,,,,,0,1,0,,,,,1,task,,"<p style=""font-size: 700%;""> wug</p>",,,,,1,low,1
40,1617178320849,31/03/2021 08:12:00,1617178320794,1,31/03/2021 09:12:00,45245,5,task-hpz2,,11500643,BLIND,3502047,,complete,,60642af88923fa540be88a48,computer,Desktop or Laptop,Mac OS 10.14.6,Chrome 88.0.4324.192,1280x800,1276x697,,2AFC - 4 pictures,4,listA,listA,listA,52,13,2,Screen 2,buttonB,response_button_image,1064.49000001885,,,,1,1,0,0,,,,,1,task,,"<p style=""font-size: 700%;""> wug</p>",,,,,1,low,1
41,1617178321910,31/03/2021 08:12:01,1617178321781,1,31/03/2021 09:12:01,45245,5,task-hpz2,,11500643,BLIND,3502047,,complete,,60642af88923fa540be88a48,computer,Desktop or Laptop,Mac OS 10.14.6,Chrome 88.0.4324.192,1280x800,1276x697,,2AFC - 4 pictures,4,listA,listA,listA,52,13,3,Screen 3,Zone1,timelimit_screen,1000.4399999999878,,,,,0,1,0,,,1,,1,task,,"<p style=""font-size: 700%;""> wug</p>",,,,,1,low,1
42,1617178322837,31/03/2021 08:12:02,1617178322781,1,31/03/2021 09:12:02,45245,5,task-hpz2,,11500643,BLIND,3502047,,complete,,60642af88923fa540be88a48,computer,Desktop or Laptop,Mac OS 10.14.6,Chrome 88.0.4324.192,1280x800,1276x697,,2AFC - 4 pictures,4,listA,listA,listA,54,14,1,Screen 1,fixation,fixation,1000.4400000000023,,,,,0,1,0,,,,,1,task,,"<p style=""font-size: 700%;""> bim</p>",,,,,1,control_high,1
43,1617178323617,31/03/2021 08:12:03,1617178323559,1,31/03/2021 09:12:03,45245,5,task-hpz2,,11500643,BLIND,3502047,,complete,,60642af88923fa540be88a48,computer,Desktop or Laptop,Mac OS 10.14.6,Chrome 88.0.4324.192,1280x800,1276x697,,2AFC - 4 pictures,4,listA,listA,listA,54,14,2,Screen 2,buttonA,response_button_image,765.79499989748,,,,1,1,0,0,,,,,1,task,,"<p style=""font-size: 700%;""> bim</p>",,,,,1,control_high,1
44,1617178324666,31/03/2021 08:12:04,1617178324549,1,31/03/2021 09:12:04,45245,5,task-hpz2,,11500643,BLIND,3502047,,complete,,60642af88923fa540be88a48,computer,Desktop or Laptop,Mac OS 10.14.6,Chrome 88.0.4324.192,1280x800,1276x697,,2AFC - 4 pictures,4,listA,listA,listA,54,14,3,Screen 3,Zone1,timelimit_screen,1000.4400000000023,,,,,0,1,0,,,1,,1,task,,"<p style=""font-size: 700%;""> bim</p>",,,,,1,control_high,1
45,1617178325608,31/03/2021 08:12:05,1617178325548,1,31/03/2021 09:12:05,45245,5,task-hpz2,,11500643,BLIND,3502047,,complete,,60642af88923fa540be88a48,computer,Desktop or Laptop,Mac OS 10.14.6,Chrome 88.0.4324.192,1280x800,1276x697,,2AFC - 4 pictures,4,listA,listA,listA,32,15,1,Screen 1,fixation,fixation,1000.4400000000023,,,,,0,1,0,,,,,1,task,,"<p style=""font-size: 700%;""> tob</p>",,,,,1,high,1
46,1617178326770,31/03/2021 08:12:06,1617178326696,1,31/03/2021 09:12:06,45245,5,task-hpz2,,11500643,BLIND,3502047,,complete,,60642af88923fa540be88a48,computer,Desktop or Laptop,Mac OS 10.14.6,Chrome 88.0.4324.192,1280x800,1276x697,,2AFC - 4 pictures,4,listA,listA,listA,32,15,2,Screen 2,buttonC,response_button_image,1133.5000002291054,,,,1,1,0,0,,,,,1,task,,"<p style=""font-size: 700%;""> tob</p>",,,,,1,high,1
47,1617178327732,31/03/2021 08:12:07,1617178327682,1,31/03/2021 09:12:07,45245,5,task-hpz2,,11500643,BLIND,3502047,,complete,,60642af88923fa540be88a48,computer,Desktop or Laptop,Mac OS 10.14.6,Chrome 88.0.4324.192,1280x800,1276x697,,2AFC - 4 pictures,4,listA,listA,listA,32,15,3,Screen 3,Zone1,timelimit_screen,1000.4400000000023,,,,,0,1,0,,,1,,1,task,,"<p style=""font-size: 700%;""> tob</p>",,,,,1,high,1
48,1617178328833,31/03/2021 08:12:08,1617178328682,1,31/03/2021 09:12:08,45245,5,task-hpz2,,11500643,BLIND,3502047,,complete,,60642af88923fa540be88a48,computer,Desktop or Laptop,Mac OS 10.14.6,Chrome 88.0.4324.192,1280x800,1276x697,,2AFC - 4 pictures,4,listA,listA,listA,57,16,1,Screen 1,fixation,fixation,1000.4400000000023,,,,,0,1,0,,,,,1,task,,"<p style=""font-size: 700%;""> dep</p>",,,,,1,high,1
49,1617178329638,31/03/2021 08:12:09,1617178329468,1,31/03/2021 09:12:09,45245,5,task-hpz2,,11500643,BLIND,3502047,,complete,,60642af88923fa540be88a48,computer,Desktop or Laptop,Mac OS 10.14.6,Chrome 88.0.4324.192,1280x800,1276x697,,2AFC - 4 pictures,4,listA,listA,listA,57,16,2,Screen 2,buttonB,response_button_image,773.9850000943989,,,,1,1,0,0,,,,,1,task,,"<p style=""font-size: 700%;""> dep</p>",,,,,1,high,1
50,1617178330654,31/03/2021 08:12:10,1617178330466,1,31/03/2021 09:12:10,45245,5,task-hpz2,,11500643,BLIND,3502047,,complete,,60642af88923fa540be88a48,computer,Desktop or Laptop,Mac OS 10.14.6,Chrome 88.0.4324.192,1280x800,1276x697,,2AFC - 4 pictures,4,listA,listA,listA,57,16,3,Screen 3,Zone1,timelimit_screen,1000.4400000000023,,,,,0,1,0,,,1,,1,task,,"<p style=""font-size: 700%;""> dep</p>",,,,,1,high,1
51,1617178331751,31/03/2021 08:12:11,1617178331466,1,31/03/2021 09:12:11,45245,5,task-hpz2,,11500643,BLIND,3502047,,complete,,60642af88923fa540be88a48,computer,Desktop or Laptop,Mac OS 10.14.6,Chrome 88.0.4324.192,1280x800,1276x697,,2AFC - 4 pictures,4,listA,listA,listA,33,17,1,Screen 1,fixation,fixation,1000.4400000000023,,,,,0,1,0,,,,,1,task,,"<p style=""font-size: 700%;""> bim</p>",,,,,1,control_low,1
52,1617178332318,31/03/2021 08:12:12,1617178332207,1,31/03/2021 09:12:12,45245,5,task-hpz2,,11500643,BLIND,3502047,,complete,,60642af88923fa540be88a48,computer,Desktop or Laptop,Mac OS 10.14.6,Chrome 88.0.4324.192,1280x800,1276x697,,2AFC - 4 pictures,4,listA,listA,listA,33,17,2,Screen 2,buttonC,response_button_image,727.3450000211596,,,,1,1,0,0,,,,,1,task,,"<p style=""font-size: 700%;""> bim</p>",,,,,1,control_low,1
53,1617178333255,31/03/2021 08:12:13,1617178333201,1,31/03/2021 09:12:13,45245,5,task-hpz2,,11500643,BLIND,3502047,,complete,,60642af88923fa540be88a48,computer,Desktop or Laptop,Mac OS 10.14.6,Chrome 88.0.4324.192,1280x800,1276x697,,2AFC - 4 pictures,4,listA,listA,listA,33,17,3,Screen 3,Zone1,timelimit_screen,1000.4399999999878,,,,,0,1,0,,,1,,1,task,,"<p style=""font-size: 700%;""> bim</p>",,,,,1,control_low,1
54,1617178334255,31/03/2021 08:12:14,1617178334201,1,31/03/2021 09:12:14,45245,5,task-hpz2,,11500643,BLIND,3502047,,complete,,60642af88923fa540be88a48,computer,Desktop or Laptop,Mac OS 10.14.6,Chrome 88.0.4324.192,1280x800,1276x697,,2AFC - 4 pictures,4,listA,listA,listA,41,18,1,Screen 1,fixation,fixation,1000.4400000000023,,,,,0,1,0,,,,,1,task,,"<p style=""font-size: 700%;""> wug</p>",,,,,1,high,1
55,1617178335044,31/03/2021 08:12:15,1617178334862,1,31/03/2021 09:12:14,45245,5,task-hpz2,,11500643,BLIND,3502047,,complete,,60642af88923fa540be88a48,computer,Desktop or Laptop,Mac OS 10.14.6,Chrome 88.0.4324.192,1280x800,1276x697,,2AFC - 4 pictures,4,listA,listA,listA,41,18,2,Screen 2,buttonD,response_button_image,648.5599998850375,,,,1,1,0,0,,,,,1,task,,"<p style=""font-size: 700%;""> wug</p>",,,,,1,high,1
56,1617178335924,31/03/2021 08:12:15,1617178335852,1,31/03/2021 09:12:15,45245,5,task-hpz2,,11500643,BLIND,3502047,,complete,,60642af88923fa540be88a48,computer,Desktop or Laptop,Mac OS 10.14.6,Chrome 88.0.4324.192,1280x800,1276x697,,2AFC - 4 pictures,4,listA,listA,listA,41,18,3,Screen 3,Zone1,timelimit_screen,1000.4400000000023,,,,,0,1,0,,,1,,1,task,,"<p style=""font-size: 700%;""> wug</p>",,,,,1,high,1
57,1617178336930,31/03/2021 08:12:16,1617178336852,1,31/03/2021 09:12:16,45245,5,task-hpz2,,11500643,BLIND,3502047,,complete,,60642af88923fa540be88a48,computer,Desktop or Laptop,Mac OS 10.14.6,Chrome 88.0.4324.192,1280x800,1276x697,,2AFC - 4 pictures,4,listA,listA,listA,4,19,1,Screen 1,fixation,fixation,1000.4399999999878,,,,,0,1,0,,,,,1,task,,"<p style=""font-size: 700%;""> bim</p>",,,,,1,control_high,1
58,1617178338212,31/03/2021 08:12:18,1617178338147,1,31/03/2021 09:12:18,45245,5,task-hpz2,,11500643,BLIND,3502047,,complete,,60642af88923fa540be88a48,computer,Desktop or Laptop,Mac OS 10.14.6,Chrome 88.0.4324.192,1280x800,1276x697,,2AFC - 4 pictures,4,listA,listA,listA,4,19,2,Screen 2,buttonB,response_button_image,1282.6450001448393,,,,1,1,0,0,,,,,1,task,,"<p style=""font-size: 700%;""> bim</p>",,,,,1,control_high,1
59,1617178339199,31/03/2021 08:12:19,1617178339133,1,31/03/2021 09:12:19,45245,5,task-hpz2,,11500643,BLIND,3502047,,complete,,60642af88923fa540be88a48,computer,Desktop or Laptop,Mac OS 10.14.6,Chrome 88.0.4324.192,1280x800,1276x697,,2AFC - 4 pictures,4,listA,listA,listA,4,19,3,Screen 3,Zone1,timelimit_screen,1000.4400000000023,,,,,0,1,0,,,1,,1,task,,"<p style=""font-size: 700%;""> bim</p>",,,,,1,control_high,1
60,1617178340451,31/03/2021 08:12:20,1617178340134,1,31/03/2021 09:12:20,45245,5,task-hpz2,,11500643,BLIND,3502047,,complete,,60642af88923fa540be88a48,computer,Desktop or Laptop,Mac OS 10.14.6,Chrome 88.0.4324.192,1280x800,1276x697,,2AFC - 4 pictures,4,listA,listA,listA,49,20,1,Screen 1,fixation,fixation,1000.4400000000023,,,,,0,1,0,,,,,1,task,,"<p style=""font-size: 700%;""> wug</p>",,,,,1,low,1
61,1617178340848,31/03/2021 08:12:20,1617178340723,1,31/03/2021 09:12:20,45245,5,task-hpz2,,11500643,BLIND,3502047,,complete,,60642af88923fa540be88a48,computer,Desktop or Laptop,Mac OS 10.14.6,Chrome 88.0.4324.192,1280x800,1276x697,,2AFC - 4 pictures,4,listA,listA,listA,49,20,2,Screen 2,buttonA,response_button_image,574.5500000193715,,,,1,1,0,0,,,,,1,task,,"<p style=""font-size: 700%;""> wug</p>",,,,,1,low,1
62,1617178341787,31/03/2021 08:12:21,1617178341717,1,31/03/2021 09:12:21,45245,5,task-hpz2,,11500643,BLIND,3502047,,complete,,60642af88923fa540be88a48,computer,Desktop or Laptop,Mac OS 10.14.6,Chrome 88.0.4324.192,1280x800,1276x697,,2AFC - 4 pictures,4,listA,listA,listA,49,20,3,Screen 3,Zone1,timelimit_screen,1000.4400000000023,,,,,0,1,0,,,1,,1,task,,"<p style=""font-size: 700%;""> wug</p>",,,,,1,low,1
63,1617178342786,31/03/2021 08:12:22,1617178342718,1,31/03/2021 09:12:22,45245,5,task-hpz2,,11500643,BLIND,3502047,,complete,,60642af88923fa540be88a48,computer,Desktop or Laptop,Mac OS 10.14.6,Chrome 88.0.4324.192,1280x800,1276x697,,2AFC - 4 pictures,4,listA,listA,listA,27,21,1,Screen 1,fixation,fixation,1000.4400000000023,,,,,0,1,0,,,,,1,task,,"<p style=""font-size: 700%;""> bim</p>",,,,,1,control_low,1
64,1617178344051,31/03/2021 08:12:24,1617178343985,1,31/03/2021 09:12:23,45245,5,task-hpz2,,11500643,BLIND,3502047,,complete,,60642af88923fa540be88a48,computer,Desktop or Laptop,Mac OS 10.14.6,Chrome 88.0.4324.192,1280x800,1276x697,,2AFC - 4 pictures,4,listA,listA,listA,27,21,2,Screen 2,buttonC,response_button_image,1254.105000058189,,,,1,1,0,0,,,,,1,task,,"<p style=""font-size: 700%;""> bim</p>",,,,,1,control_low,1
65,1617178345023,31/03/2021 08:12:25,1617178344970,1,31/03/2021 09:12:24,45245,5,task-hpz2,,11500643,BLIND,3502047,,complete,,60642af88923fa540be88a48,computer,Desktop or Laptop,Mac OS 10.14.6,Chrome 88.0.4324.192,1280x800,1276x697,,2AFC - 4 pictures,4,listA,listA,listA,27,21,3,Screen 3,Zone1,timelimit_screen,1000.4400000000023,,,,,0,1,0,,,1,,1,task,,"<p style=""font-size: 700%;""> bim</p>",,,,,1,control_low,1
66,1617178346024,31/03/2021 08:12:26,1617178345970,1,31/03/2021 09:12:25,45245,5,task-hpz2,,11500643,BLIND,3502047,,complete,,60642af88923fa540be88a48,computer,Desktop or Laptop,Mac OS 10.14.6,Chrome 88.0.4324.192,1280x800,1276x697,,2AFC - 4 pictures,4,listA,listA,listA,2,22,1,Screen 1,fixation,fixation,1000.4399999999878,,,,,0,1,0,,,,,1,task,,"<p style=""font-size: 700%;""> dep</p>",,,,,1,high,1
67,1617178346543,31/03/2021 08:12:26,1617178346475,1,31/03/2021 09:12:26,45245,5,task-hpz2,,11500643,BLIND,3502047,,complete,,60642af88923fa540be88a48,computer,Desktop or Laptop,Mac OS 10.14.6,Chrome 88.0.4324.192,1280x800,1276x697,,2AFC - 4 pictures,4,listA,listA,listA,2,22,2,Screen 2,buttonB,response_button_image,491.6000000666827,,,,1,1,0,0,,,,,1,task,,"<p style=""font-size: 700%;""> dep</p>",,,,,1,high,1
68,1617178347527,31/03/2021 08:12:27,1617178347465,1,31/03/2021 09:12:27,45245,5,task-hpz2,,11500643,BLIND,3502047,,complete,,60642af88923fa540be88a48,computer,Desktop or Laptop,Mac OS 10.14.6,Chrome 88.0.4324.192,1280x800,1276x697,,2AFC - 4 pictures,4,listA,listA,listA,2,22,3,Screen 3,Zone1,timelimit_screen,1000.4400000000023,,,,,0,1,0,,,1,,1,task,,"<p style=""font-size: 700%;""> dep</p>",,,,,1,high,1
69,1617178348527,31/03/2021 08:12:28,1617178348465,1,31/03/2021 09:12:28,45245,5,task-hpz2,,11500643,BLIND,3502047,,complete,,60642af88923fa540be88a48,computer,Desktop or Laptop,Mac OS 10.14.6,Chrome 88.0.4324.192,1280x800,1276x697,,2AFC - 4 pictures,4,listA,listA,listA,36,23,1,Screen 1,fixation,fixation,1000.4400000000023,,,,,0,1,0,,,,,1,task,,"<p style=""font-size: 700%;""> tob</p>",,,,,1,high,1
70,1617178349143,31/03/2021 08:12:29,1617178349075,1,31/03/2021 09:12:29,45245,5,task-hpz2,,11500643,BLIND,3502047,,complete,,60642af88923fa540be88a48,computer,Desktop or Laptop,Mac OS 10.14.6,Chrome 88.0.4324.192,1280x800,1276x697,,2AFC - 4 pictures,4,listA,listA,listA,36,23,2,Screen 2,buttonB,response_button_image,596.1199998855591,,,,1,1,0,0,,,,,1,task,,"<p style=""font-size: 700%;""> tob</p>",,,,,1,high,1
71,1617178350190,31/03/2021 08:12:30,1617178350065,1,31/03/2021 09:12:30,45245,5,task-hpz2,,11500643,BLIND,3502047,,complete,,60642af88923fa540be88a48,computer,Desktop or Laptop,Mac OS 10.14.6,Chrome 88.0.4324.192,1280x800,1276x697,,2AFC - 4 pictures,4,listA,listA,listA,36,23,3,Screen 3,Zone1,timelimit_screen,1000.4400000000023,,,,,0,1,0,,,1,,1,task,,"<p style=""font-size: 700%;""> tob</p>",,,,,1,high,1
72,1617178351143,31/03/2021 08:12:31,1617178351066,1,31/03/2021 09:12:31,45245,5,task-hpz2,,11500643,BLIND,3502047,,complete,,60642af88923fa540be88a48,computer,Desktop or Laptop,Mac OS 10.14.6,Chrome 88.0.4324.192,1280x800,1276x697,,2AFC - 4 pictures,4,listA,listA,listA,24,24,1,Screen 1,fixation,fixation,1000.4400000000023,,,,,0,1,0,,,,,1,task,,"<p style=""font-size: 700%;""> dep</p>",,,,,1,low,1
73,1617178351785,31/03/2021 08:12:31,1617178351725,1,31/03/2021 09:12:31,45245,5,task-hpz2,,11500643,BLIND,3502047,,complete,,60642af88923fa540be88a48,computer,Desktop or Laptop,Mac OS 10.14.6,Chrome 88.0.4324.192,1280x800,1276x697,,2AFC - 4 pictures,4,listA,listA,listA,24,24,2,Screen 2,buttonB,response_button_image,646.550000179559,,,,1,1,0,0,,,,,1,task,,"<p style=""font-size: 700%;""> dep</p>",,,,,1,low,1
74,1617178352771,31/03/2021 08:12:32,1617178352717,1,31/03/2021 09:12:32,45245,5,task-hpz2,,11500643,BLIND,3502047,,complete,,60642af88923fa540be88a48,computer,Desktop or Laptop,Mac OS 10.14.6,Chrome 88.0.4324.192,1280x800,1276x697,,2AFC - 4 pictures,4,listA,listA,listA,24,24,3,Screen 3,Zone1,timelimit_screen,1000.4400000000023,,,,,0,1,0,,,1,,1,task,,"<p style=""font-size: 700%;""> dep</p>",,,,,1,low,1
75,1617178353787,31/03/2021 08:12:33,1617178353718,1,31/03/2021 09:12:33,45245,5,task-hpz2,,11500643,BLIND,3502047,,complete,,60642af88923fa540be88a48,computer,Desktop or Laptop,Mac OS 10.14.6,Chrome 88.0.4324.192,1280x800,1276x697,,2AFC - 4 pictures,4,listA,listA,listA,22,25,1,Screen 1,fixation,fixation,1000.4400000000023,,,,,0,1,0,,,,,1,task,,"<p style=""font-size: 700%;""> tob</p>",,,,,1,high,1
76,1617178354678,31/03/2021 08:12:34,1617178354605,1,31/03/2021 09:12:34,45245,5,task-hpz2,,11500643,BLIND,3502047,,complete,,60642af88923fa540be88a48,computer,Desktop or Laptop,Mac OS 10.14.6,Chrome 88.0.4324.192,1280x800,1276x697,,2AFC - 4 pictures,4,listA,listA,listA,22,25,2,Screen 2,buttonC,response_button_image,875.0750001054257,,,,1,1,0,0,,,,,1,task,,"<p style=""font-size: 700%;""> tob</p>",,,,,1,high,1
77,1617178355661,31/03/2021 08:12:35,1617178355602,1,31/03/2021 09:12:35,45245,5,task-hpz2,,11500643,BLIND,3502047,,complete,,60642af88923fa540be88a48,computer,Desktop or Laptop,Mac OS 10.14.6,Chrome 88.0.4324.192,1280x800,1276x697,,2AFC - 4 pictures,4,listA,listA,listA,22,25,3,Screen 3,Zone1,timelimit_screen,1000.4400000000023,,,,,0,1,0,,,1,,1,task,,"<p style=""font-size: 700%;""> tob</p>",,,,,1,high,1
78,1617178356687,31/03/2021 08:12:36,1617178356601,1,31/03/2021 09:12:36,45245,5,task-hpz2,,11500643,BLIND,3502047,,complete,,60642af88923fa540be88a48,computer,Desktop or Laptop,Mac OS 10.14.6,Chrome 88.0.4324.192,1280x800,1276x697,,2AFC - 4 pictures,4,listA,listA,listA,48,26,1,Screen 1,fixation,fixation,1000.4400000000023,,,,,0,1,0,,,,,1,task,,"<p style=""font-size: 700%;""> wug</p>",,,,,1,low,1
79,1617178357302,31/03/2021 08:12:37,1617178357241,1,31/03/2021 09:12:37,45245,5,task-hpz2,,11500643,BLIND,3502047,,complete,,60642af88923fa540be88a48,computer,Desktop or Laptop,Mac OS 10.14.6,Chrome 88.0.4324.192,1280x800,1276x697,,2AFC - 4 pictures,4,listA,listA,listA,48,26,2,Screen 2,buttonA,response_button_image,627.2500001359731,,,,1,1,0,0,,,,,1,task,,"<p style=""font-size: 700%;""> wug</p>",,,,,1,low,1
80,1617178358297,31/03/2021 08:12:38,1617178358231,1,31/03/2021 09:12:38,45245,5,task-hpz2,,11500643,BLIND,3502047,,complete,,60642af88923fa540be88a48,computer,Desktop or Laptop,Mac OS 10.14.6,Chrome 88.0.4324.192,1280x800,1276x697,,2AFC - 4 pictures,4,listA,listA,listA,48,26,3,Screen 3,Zone1,timelimit_screen,1000.4400000000023,,,,,0,1,0,,,1,,1,task,,"<p style=""font-size: 700%;""> wug</p>",,,,,1,low,1
81,1617178359292,31/03/2021 08:12:39,1617178359230,1,31/03/2021 09:12:39,45245,5,task-hpz2,,11500643,BLIND,3502047,,complete,,60642af88923fa540be88a48,computer,Desktop or Laptop,Mac OS 10.14.6,Chrome 88.0.4324.192,1280x800,1276x697,,2AFC - 4 pictures,4,listA,listA,listA,21,27,1,Screen 1,fixation,fixation,1000.4400000000023,,,,,0,1,0,,,,,1,task,,"<p style=""font-size: 700%;""> bim</p>",,,,,1,control_low,1
82,1617178360010,31/03/2021 08:12:40,1617178359951,1,31/03/2021 09:12:39,45245,5,task-hpz2,,11500643,BLIND,3502047,,complete,,60642af88923fa540be88a48,computer,Desktop or Laptop,Mac OS 10.14.6,Chrome 88.0.4324.192,1280x800,1276x697,,2AFC - 4 pictures,4,listA,listA,listA,21,27,2,Screen 2,buttonD,response_button_image,709.4250000081956,,,,1,1,0,0,,,,,1,task,,"<p style=""font-size: 700%;""> bim</p>",,,,,1,control_low,1
83,1617178361017,31/03/2021 08:12:41,1617178360949,1,31/03/2021 09:12:40,45245,5,task-hpz2,,11500643,BLIND,3502047,,complete,,60642af88923fa540be88a48,computer,Desktop or Laptop,Mac OS 10.14.6,Chrome 88.0.4324.192,1280x800,1276x697,,2AFC - 4 pictures,4,listA,listA,listA,21,27,3,Screen 3,Zone1,timelimit_screen,1000.4399999999878,,,,,0,1,0,,,1,,1,task,,"<p style=""font-size: 700%;""> bim</p>",,,,,1,control_low,1
84,1617178362037,31/03/2021 08:12:42,1617178361949,1,31/03/2021 09:12:41,45245,5,task-hpz2,,11500643,BLIND,3502047,,complete,,60642af88923fa540be88a48,computer,Desktop or Laptop,Mac OS 10.14.6,Chrome 88.0.4324.192,1280x800,1276x697,,2AFC - 4 pictures,4,listA,listA,listA,50,28,1,Screen 1,fixation,fixation,1000.4400000000023,,,,,0,1,0,,,,,1,task,,"<p style=""font-size: 700%;""> dep</p>",,,,,1,low,1
85,1617178362783,31/03/2021 08:12:42,1617178362719,1,31/03/2021 09:12:42,45245,5,task-hpz2,,11500643,BLIND,3502047,,complete,,60642af88923fa540be88a48,computer,Desktop or Laptop,Mac OS 10.14.6,Chrome 88.0.4324.192,1280x800,1276x697,,2AFC - 4 pictures,4,listA,listA,listA,50,28,2,Screen 2,buttonC,response_button_image,757.3750000447035,,,,1,1,0,0,,,,,1,task,,"<p style=""font-size: 700%;""> dep</p>",,,,,1,low,1
86,1617178363783,31/03/2021 08:12:43,1617178363717,1,31/03/2021 09:12:43,45245,5,task-hpz2,,11500643,BLIND,3502047,,complete,,60642af88923fa540be88a48,computer,Desktop or Laptop,Mac OS 10.14.6,Chrome 88.0.4324.192,1280x800,1276x697,,2AFC - 4 pictures,4,listA,listA,listA,50,28,3,Screen 3,Zone1,timelimit_screen,1000.4400000000023,,,,,0,1,0,,,1,,1,task,,"<p style=""font-size: 700%;""> dep</p>",,,,,1,low,1
87,1617178364784,31/03/2021 08:12:44,1617178364716,1,31/03/2021 09:12:44,45245,5,task-hpz2,,11500643,BLIND,3502047,,complete,,60642af88923fa540be88a48,computer,Desktop or Laptop,Mac OS 10.14.6,Chrome 88.0.4324.192,1280x800,1276x697,,2AFC - 4 pictures,4,listA,listA,listA,34,29,1,Screen 1,fixation,fixation,1000.4400000000023,,,,,0,1,0,,,,,1,task,,"<p style=""font-size: 700%;""> wug</p>",,,,,1,high,1
88,1617178365486,31/03/2021 08:12:45,1617178365411,1,31/03/2021 09:12:45,45245,5,task-hpz2,,11500643,BLIND,3502047,,complete,,60642af88923fa540be88a48,computer,Desktop or Laptop,Mac OS 10.14.6,Chrome 88.0.4324.192,1280x800,1276x697,,2AFC - 4 pictures,4,listA,listA,listA,34,29,2,Screen 2,buttonC,response_button_image,682.8699999023229,,,,1,1,0,0,,,,,1,task,,"<p style=""font-size: 700%;""> wug</p>",,,,,1,high,1
89,1617178366501,31/03/2021 08:12:46,1617178366401,1,31/03/2021 09:12:46,45245,5,task-hpz2,,11500643,BLIND,3502047,,complete,,60642af88923fa540be88a48,computer,Desktop or Laptop,Mac OS 10.14.6,Chrome 88.0.4324.192,1280x800,1276x697,,2AFC - 4 pictures,4,listA,listA,listA,34,29,3,Screen 3,Zone1,timelimit_screen,1000.4399999999878,,,,,0,1,0,,,1,,1,task,,"<p style=""font-size: 700%;""> wug</p>",,,,,1,high,1
90,1617178367465,31/03/2021 08:12:47,1617178367401,1,31/03/2021 09:12:47,45245,5,task-hpz2,,11500643,BLIND,3502047,,complete,,60642af88923fa540be88a48,computer,Desktop or Laptop,Mac OS 10.14.6,Chrome 88.0.4324.192,1280x800,1276x697,,2AFC - 4 pictures,4,listA,listA,listA,26,30,1,Screen 1,fixation,fixation,1000.4400000000023,,,,,0,1,0,,,,,1,task,,"<p style=""font-size: 700%;""> tob</p>",,,,,1,high,1
91,1617178368038,31/03/2021 08:12:48,1617178367965,1,31/03/2021 09:12:47,45245,5,task-hpz2,,11500643,BLIND,3502047,,complete,,60642af88923fa540be88a48,computer,Desktop or Laptop,Mac OS 10.14.6,Chrome 88.0.4324.192,1280x800,1276x697,,2AFC - 4 pictures,4,listA,listA,listA,26,30,2,Screen 2,buttonB,response_button_image,551.7400000244379,,,,1,1,0,0,,,,,1,task,,"<p style=""font-size: 700%;""> tob</p>",,,,,1,high,1
92,1617178369049,31/03/2021 08:12:49,1617178368964,1,31/03/2021 09:12:48,45245,5,task-hpz2,,11500643,BLIND,3502047,,complete,,60642af88923fa540be88a48,computer,Desktop or Laptop,Mac OS 10.14.6,Chrome 88.0.4324.192,1280x800,1276x697,,2AFC - 4 pictures,4,listA,listA,listA,26,30,3,Screen 3,Zone1,timelimit_screen,1000.4400000000023,,,,,0,1,0,,,1,,1,task,,"<p style=""font-size: 700%;""> tob</p>",,,,,1,high,1
93,1617178370093,31/03/2021 08:12:50,1617178369965,1,31/03/2021 09:12:49,45245,5,task-hpz2,,11500643,BLIND,3502047,,complete,,60642af88923fa540be88a48,computer,Desktop or Laptop,Mac OS 10.14.6,Chrome 88.0.4324.192,1280x800,1276x697,,2AFC - 4 pictures,4,listA,listA,listA,55,31,1,Screen 1,fixation,fixation,1000.4400000000023,,,,,0,1,0,,,,,1,task,,"<p style=""font-size: 700%;""> wug</p>",,,,,1,low,1
94,1617178370546,31/03/2021 08:12:50,1617178370426,1,31/03/2021 09:12:50,45245,5,task-hpz2,,11500643,BLIND,3502047,,complete,,60642af88923fa540be88a48,computer,Desktop or Laptop,Mac OS 10.14.6,Chrome 88.0.4324.192,1280x800,1276x697,,2AFC - 4 pictures,4,listA,listA,listA,55,31,2,Screen 2,buttonA,response_button_image,448.2849999330938,,,,1,1,0,0,,,,,1,task,,"<p style=""font-size: 700%;""> wug</p>",,,,,1,low,1
95,1617178371503,31/03/2021 08:12:51,1617178371415,1,31/03/2021 09:12:51,45245,5,task-hpz2,,11500643,BLIND,3502047,,complete,,60642af88923fa540be88a48,computer,Desktop or Laptop,Mac OS 10.14.6,Chrome 88.0.4324.192,1280x800,1276x697,,2AFC - 4 pictures,4,listA,listA,listA,55,31,3,Screen 3,Zone1,timelimit_screen,1000.4400000000023,,,,,0,1,0,,,1,,1,task,,"<p style=""font-size: 700%;""> wug</p>",,,,,1,low,1
96,1617178372489,31/03/2021 08:12:52,1617178372416,1,31/03/2021 09:12:52,45245,5,task-hpz2,,11500643,BLIND,3502047,,complete,,60642af88923fa540be88a48,computer,Desktop or Laptop,Mac OS 10.14.6,Chrome 88.0.4324.192,1280x800,1276x697,,2AFC - 4 pictures,4,listA,listA,listA,8,32,1,Screen 1,fixation,fixation,1000.4399999999878,,,,,0,1,0,,,,,1,task,,"<p style=""font-size: 700%;""> wug</p>",,,,,1,high,1
97,1617178372948,31/03/2021 08:12:52,1617178372874,1,31/03/2021 09:12:52,45245,5,task-hpz2,,11500643,BLIND,3502047,,complete,,60642af88923fa540be88a48,computer,Desktop or Laptop,Mac OS 10.14.6,Chrome 88.0.4324.192,1280x800,1276x697,,2AFC - 4 pictures,4,listA,listA,listA,8,32,2,Screen 2,buttonD,response_button_image,445.1099999714643,,,,1,1,0,0,,,,,1,task,,"<p style=""font-size: 700%;""> wug</p>",,,,,1,high,1
98,1617178373920,31/03/2021 08:12:53,1617178373868,1,31/03/2021 09:12:53,45245,5,task-hpz2,,11500643,BLIND,3502047,,complete,,60642af88923fa540be88a48,computer,Desktop or Laptop,Mac OS 10.14.6,Chrome 88.0.4324.192,1280x800,1276x697,,2AFC - 4 pictures,4,listA,listA,listA,8,32,3,Screen 3,Zone1,timelimit_screen,1000.4400000000023,,,,,0,1,0,,,1,,1,task,,"<p style=""font-size: 700%;""> wug</p>",,,,,1,high,1
99,1617178374920,31/03/2021 08:12:54,1617178374868,1,31/03/2021 09:12:54,45245,5,task-hpz2,,11500643,BLIND,3502047,,complete,,60642af88923fa540be88a48,computer,Desktop or Laptop,Mac OS 10.14.6,Chrome 88.0.4324.192,1280x800,1276x697,,2AFC - 4 pictures,4,listA,listA,listA,14,33,1,Screen 1,fixation,fixation,1000.4400000000023,,,,,0,1,0,,,,,1,task,,"<p style=""font-size: 700%;""> dep</p>",,,,,1,high,1
100,1617178375333,31/03/2021 08:12:55,1617178375278,1,31/03/2021 09:12:55,45245,5,task-hpz2,,11500643,BLIND,3502047,,complete,,60642af88923fa540be88a48,computer,Desktop or Laptop,Mac OS 10.14.6,Chrome 88.0.4324.192,1280x800,1276x697,,2AFC - 4 pictures,4,listA,listA,listA,14,33,2,Screen 2,buttonC,response_button_image,397.6150001399219,,,,1,1,0,0,,,,,1,task,,"<p style=""font-size: 700%;""> dep</p>",,,,,1,high,1
101,1617178376349,31/03/2021 08:12:56,1617178376268,1,31/03/2021 09:12:56,45245,5,task-hpz2,,11500643,BLIND,3502047,,complete,,60642af88923fa540be88a48,computer,Desktop or Laptop,Mac OS 10.14.6,Chrome 88.0.4324.192,1280x800,1276x697,,2AFC - 4 pictures,4,listA,listA,listA,14,33,3,Screen 3,Zone1,timelimit_screen,1000.4400000000023,,,,,0,1,0,,,1,,1,task,,"<p style=""font-size: 700%;""> dep</p>",,,,,1,high,1
102,1617178377324,31/03/2021 08:12:57,1617178377269,1,31/03/2021 09:12:57,45245,5,task-hpz2,,11500643,BLIND,3502047,,complete,,60642af88923fa540be88a48,computer,Desktop or Laptop,Mac OS 10.14.6,Chrome 88.0.4324.192,1280x800,1276x697,,2AFC - 4 pictures,4,listA,listA,listA,25,34,1,Screen 1,fixation,fixation,1000.4400000000023,,,,,0,1,0,,,,,1,task,,"<p style=""font-size: 700%;""> dep</p>",,,,,1,high,1
103,1617178378646,31/03/2021 08:12:58,1617178378585,1,31/03/2021 09:12:58,45245,5,task-hpz2,,11500643,BLIND,3502047,,complete,,60642af88923fa540be88a48,computer,Desktop or Laptop,Mac OS 10.14.6,Chrome 88.0.4324.192,1280x800,1276x697,,2AFC - 4 pictures,4,listA,listA,listA,25,34,2,Screen 2,buttonC,response_button_image,1302.5750000961125,,,,1,1,0,0,,,,,1,task,,"<p style=""font-size: 700%;""> dep</p>",,,,,1,high,1
104,1617178379647,31/03/2021 08:12:59,1617178379577,1,31/03/2021 09:12:59,45245,5,task-hpz2,,11500643,BLIND,3502047,,complete,,60642af88923fa540be88a48,computer,Desktop or Laptop,Mac OS 10.14.6,Chrome 88.0.4324.192,1280x800,1276x697,,2AFC - 4 pictures,4,listA,listA,listA,25,34,3,Screen 3,Zone1,timelimit_screen,1000.4400000000023,,,,,0,1,0,,,1,,1,task,,"<p style=""font-size: 700%;""> dep</p>",,,,,1,high,1
105,1617178380631,31/03/2021 08:13:00,1617178380578,1,31/03/2021 09:13:00,45245,5,task-hpz2,,11500643,BLIND,3502047,,complete,,60642af88923fa540be88a48,computer,Desktop or Laptop,Mac OS 10.14.6,Chrome 88.0.4324.192,1280x800,1276x697,,2AFC - 4 pictures,4,listA,listA,listA,23,35,1,Screen 1,fixation,fixation,1000.4399999999878,,,,,0,1,0,,,,,1,task,,"<p style=""font-size: 700%;""> wug</p>",,,,,1,high,1
106,1617178381350,31/03/2021 08:13:01,1617178381272,1,31/03/2021 09:13:01,45245,5,task-hpz2,,11500643,BLIND,3502047,,complete,,60642af88923fa540be88a48,computer,Desktop or Laptop,Mac OS 10.14.6,Chrome 88.0.4324.192,1280x800,1276x697,,2AFC - 4 pictures,4,listA,listA,listA,23,35,2,Screen 2,buttonB,response_button_image,682.1800000034273,,,,1,1,0,0,,,,,1,task,,"<p style=""font-size: 700%;""> wug</p>",,,,,1,high,1
107,1617178382326,31/03/2021 08:13:02,1617178382262,1,31/03/2021 09:13:02,45245,5,task-hpz2,,11500643,BLIND,3502047,,complete,,60642af88923fa540be88a48,computer,Desktop or Laptop,Mac OS 10.14.6,Chrome 88.0.4324.192,1280x800,1276x697,,2AFC - 4 pictures,4,listA,listA,listA,23,35,3,Screen 3,Zone1,timelimit_screen,1000.4400000000023,,,,,0,1,0,,,1,,1,task,,"<p style=""font-size: 700%;""> wug</p>",,,,,1,high,1
108,1617178383630,31/03/2021 08:13:03,1617178383262,1,31/03/2021 09:13:03,45245,5,task-hpz2,,11500643,BLIND,3502047,,complete,,60642af88923fa540be88a48,computer,Desktop or Laptop,Mac OS 10.14.6,Chrome 88.0.4324.192,1280x800,1276x697,,2AFC - 4 pictures,4,listA,listA,listA,6,36,1,Screen 1,fixation,fixation,1000.4400000000023,,,,,0,1,0,,,,,1,task,,"<p style=""font-size: 700%;""> wug</p>",,,,,1,low,1
109,1617178384030,31/03/2021 08:13:04,1617178383974,1,31/03/2021 09:13:03,45245,5,task-hpz2,,11500643,BLIND,3502047,,complete,,60642af88923fa540be88a48,computer,Desktop or Laptop,Mac OS 10.14.6,Chrome 88.0.4324.192,1280x800,1276x697,,2AFC - 4 pictures,4,listA,listA,listA,6,36,2,Screen 2,buttonA,response_button_image,698.7549997866154,,,,1,1,0,0,,,,,1,task,,"<p style=""font-size: 700%;""> wug</p>",,,,,1,low,1
110,1617178385023,31/03/2021 08:13:05,1617178384963,1,31/03/2021 09:13:04,45245,5,task-hpz2,,11500643,BLIND,3502047,,complete,,60642af88923fa540be88a48,computer,Desktop or Laptop,Mac OS 10.14.6,Chrome 88.0.4324.192,1280x800,1276x697,,2AFC - 4 pictures,4,listA,listA,listA,6,36,3,Screen 3,Zone1,timelimit_screen,1000.4400000000023,,,,,0,1,0,,,1,,1,task,,"<p style=""font-size: 700%;""> wug</p>",,,,,1,low,1
111,1617178386023,31/03/2021 08:13:06,1617178385963,1,31/03/2021 09:13:05,45245,5,task-hpz2,,11500643,BLIND,3502047,,complete,,60642af88923fa540be88a48,computer,Desktop or Laptop,Mac OS 10.14.6,Chrome 88.0.4324.192,1280x800,1276x697,,2AFC - 4 pictures,4,listA,listA,listA,13,37,1,Screen 1,fixation,fixation,1000.4400000000023,,,,,0,1,0,,,,,1,task,,"<p style=""font-size: 700%;""> wug</p>",,,,,1,high,1
112,1617178386740,31/03/2021 08:13:06,1617178386682,1,31/03/2021 09:13:06,45245,5,task-hpz2,,11500643,BLIND,3502047,,complete,,60642af88923fa540be88a48,computer,Desktop or Laptop,Mac OS 10.14.6,Chrome 88.0.4324.192,1280x800,1276x697,,2AFC - 4 pictures,4,listA,listA,listA,13,37,2,Screen 2,buttonB,response_button_image,706.8750001490116,,,,1,1,0,0,,,,,1,task,,"<p style=""font-size: 700%;""> wug</p>",,,,,1,high,1
113,1617178387744,31/03/2021 08:13:07,1617178387681,1,31/03/2021 09:13:07,45245,5,task-hpz2,,11500643,BLIND,3502047,,complete,,60642af88923fa540be88a48,computer,Desktop or Laptop,Mac OS 10.14.6,Chrome 88.0.4324.192,1280x800,1276x697,,2AFC - 4 pictures,4,listA,listA,listA,13,37,3,Screen 3,Zone1,timelimit_screen,1000.4400000000023,,,,,0,1,0,,,1,,1,task,,"<p style=""font-size: 700%;""> wug</p>",,,,,1,high,1
114,1617178388742,31/03/2021 08:13:08,1617178388680,1,31/03/2021 09:13:08,45245,5,task-hpz2,,11500643,BLIND,3502047,,complete,,60642af88923fa540be88a48,computer,Desktop or Laptop,Mac OS 10.14.6,Chrome 88.0.4324.192,1280x800,1276x697,,2AFC - 4 pictures,4,listA,listA,listA,38,38,1,Screen 1,fixation,fixation,1000.4400000000023,,,,,0,1,0,,,,,1,task,,"<p style=""font-size: 700%;""> dep</p>",,,,,1,high,1
115,1617178389365,31/03/2021 08:13:09,1617178389306,1,31/03/2021 09:13:09,45245,5,task-hpz2,,11500643,BLIND,3502047,,complete,,60642af88923fa540be88a48,computer,Desktop or Laptop,Mac OS 10.14.6,Chrome 88.0.4324.192,1280x800,1276x697,,2AFC - 4 pictures,4,listA,listA,listA,38,38,2,Screen 2,buttonD,response_button_image,613.6650000698864,,,,1,1,0,0,,,,,1,task,,"<p style=""font-size: 700%;""> dep</p>",,,,,1,high,1
116,1617178390362,31/03/2021 08:13:10,1617178390299,1,31/03/2021 09:13:10,45245,5,task-hpz2,,11500643,BLIND,3502047,,complete,,60642af88923fa540be88a48,computer,Desktop or Laptop,Mac OS 10.14.6,Chrome 88.0.4324.192,1280x800,1276x697,,2AFC - 4 pictures,4,listA,listA,listA,38,38,3,Screen 3,Zone1,timelimit_screen,1000.4399999999732,,,,,0,1,0,,,1,,1,task,,"<p style=""font-size: 700%;""> dep</p>",,,,,1,high,1
117,1617178391349,31/03/2021 08:13:11,1617178391299,1,31/03/2021 09:13:11,45245,5,task-hpz2,,11500643,BLIND,3502047,,complete,,60642af88923fa540be88a48,computer,Desktop or Laptop,Mac OS 10.14.6,Chrome 88.0.4324.192,1280x800,1276x697,,2AFC - 4 pictures,4,listA,listA,listA,42,39,1,Screen 1,fixation,fixation,1000.4400000000023,,,,,0,1,0,,,,,1,task,,"<p style=""font-size: 700%;""> dep</p>",,,,,1,high,1
118,1617178391972,31/03/2021 08:13:11,1617178391852,1,31/03/2021 09:13:11,45245,5,task-hpz2,,11500643,BLIND,3502047,,complete,,60642af88923fa540be88a48,computer,Desktop or Laptop,Mac OS 10.14.6,Chrome 88.0.4324.192,1280x800,1276x697,,2AFC - 4 pictures,4,listA,listA,listA,42,39,2,Screen 2,buttonC,response_button_image,541.0750000737607,,,,1,1,0,0,,,,,1,task,,"<p style=""font-size: 700%;""> dep</p>",,,,,1,high,1
119,1617178392912,31/03/2021 08:13:12,1617178392850,1,31/03/2021 09:13:12,45245,5,task-hpz2,,11500643,BLIND,3502047,,complete,,60642af88923fa540be88a48,computer,Desktop or Laptop,Mac OS 10.14.6,Chrome 88.0.4324.192,1280x800,1276x697,,2AFC - 4 pictures,4,listA,listA,listA,42,39,3,Screen 3,Zone1,timelimit_screen,1000.4400000000023,,,,,0,1,0,,,1,,1,task,,"<p style=""font-size: 700%;""> dep</p>",,,,,1,high,1
120,1617178393943,31/03/2021 08:13:13,1617178393851,1,31/03/2021 09:13:13,45245,5,task-hpz2,,11500643,BLIND,3502047,,complete,,60642af88923fa540be88a48,computer,Desktop or Laptop,Mac OS 10.14.6,Chrome 88.0.4324.192,1280x800,1276x697,,2AFC - 4 pictures,4,listA,listA,listA,43,40,1,Screen 1,fixation,fixation,1000.4400000000023,,,,,0,1,0,,,,,1,task,,"<p style=""font-size: 700%;""> tob</p>",,,,,1,low,1
121,1617178394385,31/03/2021 08:13:14,1617178394329,1,31/03/2021 09:13:14,45245,5,task-hpz2,,11500643,BLIND,3502047,,complete,,60642af88923fa540be88a48,computer,Desktop or Laptop,Mac OS 10.14.6,Chrome 88.0.4324.192,1280x800,1276x697,,2AFC - 4 pictures,4,listA,listA,listA,43,40,2,Screen 2,buttonD,response_button_image,466.07499988749623,,,,1,1,0,0,,,,,1,task,,"<p style=""font-size: 700%;""> tob</p>",,,,,1,low,1
122,1617178395402,31/03/2021 08:13:15,1617178395318,1,31/03/2021 09:13:15,45245,5,task-hpz2,,11500643,BLIND,3502047,,complete,,60642af88923fa540be88a48,computer,Desktop or Laptop,Mac OS 10.14.6,Chrome 88.0.4324.192,1280x800,1276x697,,2AFC - 4 pictures,4,listA,listA,listA,43,40,3,Screen 3,Zone1,timelimit_screen,1000.4400000000023,,,,,0,1,0,,,1,,1,task,,"<p style=""font-size: 700%;""> tob</p>",,,,,1,low,1
123,1617178396389,31/03/2021 08:13:16,1617178396319,1,31/03/2021 09:13:16,45245,5,task-hpz2,,11500643,BLIND,3502047,,complete,,60642af88923fa540be88a48,computer,Desktop or Laptop,Mac OS 10.14.6,Chrome 88.0.4324.192,1280x800,1276x697,,2AFC - 4 pictures,4,listA,listA,listA,47,41,1,Screen 1,fixation,fixation,1000.4400000000023,,,,,0,1,0,,,,,1,task,,"<p style=""font-size: 700%;""> tob</p>",,,,,1,low,1
124,1617178396733,31/03/2021 08:13:16,1617178396670,1,31/03/2021 09:13:16,45245,5,task-hpz2,,11500643,BLIND,3502047,,complete,,60642af88923fa540be88a48,computer,Desktop or Laptop,Mac OS 10.14.6,Chrome 88.0.4324.192,1280x800,1276x697,,2AFC - 4 pictures,4,listA,listA,listA,47,41,2,Screen 2,buttonA,response_button_image,338.1200002040714,,,,1,1,0,0,,,,,1,task,,"<p style=""font-size: 700%;""> tob</p>",,,,,1,low,1
125,1617178397906,31/03/2021 08:13:17,1617178397670,1,31/03/2021 09:13:17,45245,5,task-hpz2,,11500643,BLIND,3502047,,complete,,60642af88923fa540be88a48,computer,Desktop or Laptop,Mac OS 10.14.6,Chrome 88.0.4324.192,1280x800,1276x697,,2AFC - 4 pictures,4,listA,listA,listA,47,41,3,Screen 3,Zone1,timelimit_screen,1000.4400000000023,,,,,0,1,0,,,1,,1,task,,"<p style=""font-size: 700%;""> tob</p>",,,,,1,low,1
126,1617178398734,31/03/2021 08:13:18,1617178398670,1,31/03/2021 09:13:18,45245,5,task-hpz2,,11500643,BLIND,3502047,,complete,,60642af88923fa540be88a48,computer,Desktop or Laptop,Mac OS 10.14.6,Chrome 88.0.4324.192,1280x800,1276x697,,2AFC - 4 pictures,4,listA,listA,listA,19,42,1,Screen 1,fixation,fixation,1000.4400000000023,,,,,0,1,0,,,,,1,task,,"<p style=""font-size: 700%;""> wug</p>",,,,,1,low,1
127,1617178399656,31/03/2021 08:13:19,1617178399586,1,31/03/2021 09:13:19,45245,5,task-hpz2,,11500643,BLIND,3502047,,complete,,60642af88923fa540be88a48,computer,Desktop or Laptop,Mac OS 10.14.6,Chrome 88.0.4324.192,1280x800,1276x697,,2AFC - 4 pictures,4,listA,listA,listA,19,42,2,Screen 2,buttonA,response_button_image,903.4299999475479,,,,1,1,0,0,,,,,1,task,,"<p style=""font-size: 700%;""> wug</p>",,,,,1,low,1
128,1617178400641,31/03/2021 08:13:20,1617178400571,1,31/03/2021 09:13:20,45245,5,task-hpz2,,11500643,BLIND,3502047,,complete,,60642af88923fa540be88a48,computer,Desktop or Laptop,Mac OS 10.14.6,Chrome 88.0.4324.192,1280x800,1276x697,,2AFC - 4 pictures,4,listA,listA,listA,19,42,3,Screen 3,Zone1,timelimit_screen,1000.4400000000023,,,,,0,1,0,,,1,,1,task,,"<p style=""font-size: 700%;""> wug</p>",,,,,1,low,1
129,1617178401625,31/03/2021 08:13:21,1617178401572,1,31/03/2021 09:13:21,45245,5,task-hpz2,,11500643,BLIND,3502047,,complete,,60642af88923fa540be88a48,computer,Desktop or Laptop,Mac OS 10.14.6,Chrome 88.0.4324.192,1280x800,1276x697,,2AFC - 4 pictures,4,listA,listA,listA,16,43,1,Screen 1,fixation,fixation,1000.4400000000023,,,,,0,1,0,,,,,1,task,,"<p style=""font-size: 700%;""> tob</p>",,,,,1,high,1
130,1617178403203,31/03/2021 08:13:23,1617178403142,1,31/03/2021 09:13:23,45245,5,task-hpz2,,11500643,BLIND,3502047,,complete,,60642af88923fa540be88a48,computer,Desktop or Laptop,Mac OS 10.14.6,Chrome 88.0.4324.192,1280x800,1276x697,,2AFC - 4 pictures,4,listA,listA,listA,16,43,2,Screen 2,buttonC,response_button_image,1559.3550000339746,,,,1,1,0,0,,,,,1,task,,"<p style=""font-size: 700%;""> tob</p>",,,,,1,high,1
131,1617178404375,31/03/2021 08:13:24,1617178404139,1,31/03/2021 09:13:24,45245,5,task-hpz2,,11500643,BLIND,3502047,,complete,,60642af88923fa540be88a48,computer,Desktop or Laptop,Mac OS 10.14.6,Chrome 88.0.4324.192,1280x800,1276x697,,2AFC - 4 pictures,4,listA,listA,listA,16,43,3,Screen 3,Zone1,timelimit_screen,1000.4400000000023,,,,,0,1,0,,,1,,1,task,,"<p style=""font-size: 700%;""> tob</p>",,,,,1,high,1
132,1617178405211,31/03/2021 08:13:25,1617178405139,1,31/03/2021 09:13:25,45245,5,task-hpz2,,11500643,BLIND,3502047,,complete,,60642af88923fa540be88a48,computer,Desktop or Laptop,Mac OS 10.14.6,Chrome 88.0.4324.192,1280x800,1276x697,,2AFC - 4 pictures,4,listA,listA,listA,3,44,1,Screen 1,fixation,fixation,1000.4400000000023,,,,,0,1,0,,,,,1,task,,"<p style=""font-size: 700%;""> tob</p>",,,,,1,high,1
133,1617178406165,31/03/2021 08:13:26,1617178406019,1,31/03/2021 09:13:26,45245,5,task-hpz2,,11500643,BLIND,3502047,,complete,,60642af88923fa540be88a48,computer,Desktop or Laptop,Mac OS 10.14.6,Chrome 88.0.4324.192,1280x800,1276x697,,2AFC - 4 pictures,4,listA,listA,listA,3,44,2,Screen 2,buttonC,response_button_image,867.595000192523,,,,1,1,0,0,,,,,1,task,,"<p style=""font-size: 700%;""> tob</p>",,,,,1,high,1
134,1617178407081,31/03/2021 08:13:27,1617178407007,1,31/03/2021 09:13:27,45245,5,task-hpz2,,11500643,BLIND,3502047,,complete,,60642af88923fa540be88a48,computer,Desktop or Laptop,Mac OS 10.14.6,Chrome 88.0.4324.192,1280x800,1276x697,,2AFC - 4 pictures,4,listA,listA,listA,3,44,3,Screen 3,Zone1,timelimit_screen,1000.4400000000023,,,,,0,1,0,,,1,,1,task,,"<p style=""font-size: 700%;""> tob</p>",,,,,1,high,1
135,1617178408099,31/03/2021 08:13:28,1617178408006,1,31/03/2021 09:13:28,45245,5,task-hpz2,,11500643,BLIND,3502047,,complete,,60642af88923fa540be88a48,computer,Desktop or Laptop,Mac OS 10.14.6,Chrome 88.0.4324.192,1280x800,1276x697,,2AFC - 4 pictures,4,listA,listA,listA,15,45,1,Screen 1,fixation,fixation,1000.4400000000023,,,,,0,1,0,,,,,1,task,,"<p style=""font-size: 700%;""> dep</p>",,,,,1,high,1
136,1617178409068,31/03/2021 08:13:29,1617178409001,1,31/03/2021 09:13:29,45245,5,task-hpz2,,11500643,BLIND,3502047,,complete,,60642af88923fa540be88a48,computer,Desktop or Laptop,Mac OS 10.14.6,Chrome 88.0.4324.192,1280x800,1276x697,,2AFC - 4 pictures,4,listA,listA,listA,15,45,2,Screen 2,buttonC,response_button_image,981.1299999710172,,,,1,1,0,0,,,,,1,task,,"<p style=""font-size: 700%;""> dep</p>",,,,,1,high,1
137,1617178410068,31/03/2021 08:13:30,1617178409996,1,31/03/2021 09:13:29,45245,5,task-hpz2,,11500643,BLIND,3502047,,complete,,60642af88923fa540be88a48,computer,Desktop or Laptop,Mac OS 10.14.6,Chrome 88.0.4324.192,1280x800,1276x697,,2AFC - 4 pictures,4,listA,listA,listA,15,45,3,Screen 3,Zone1,timelimit_screen,1004.4690000000119,,,,,0,1,0,,,1,,1,task,,"<p style=""font-size: 700%;""> dep</p>",,,,,1,high,1
138,1617178411091,31/03/2021 08:13:31,1617178410996,1,31/03/2021 09:13:30,45245,5,task-hpz2,,11500643,BLIND,3502047,,complete,,60642af88923fa540be88a48,computer,Desktop or Laptop,Mac OS 10.14.6,Chrome 88.0.4324.192,1280x800,1276x697,,2AFC - 4 pictures,4,listA,listA,listA,5,46,1,Screen 1,fixation,fixation,1000.4400000000023,,,,,0,1,0,,,,,1,task,,"<p style=""font-size: 700%;""> bim</p>",,,,,1,control_low,1
139,1617178412295,31/03/2021 08:13:32,1617178412227,1,31/03/2021 09:13:32,45245,5,task-hpz2,,11500643,BLIND,3502047,,complete,,60642af88923fa540be88a48,computer,Desktop or Laptop,Mac OS 10.14.6,Chrome 88.0.4324.192,1280x800,1276x697,,2AFC - 4 pictures,4,listA,listA,listA,5,46,2,Screen 2,buttonD,response_button_image,1216.8799999635667,,,,1,1,0,0,,,,,1,task,,"<p style=""font-size: 700%;""> bim</p>",,,,,1,control_low,1
140,1617178413280,31/03/2021 08:13:33,1617178413215,1,31/03/2021 09:13:33,45245,5,task-hpz2,,11500643,BLIND,3502047,,complete,,60642af88923fa540be88a48,computer,Desktop or Laptop,Mac OS 10.14.6,Chrome 88.0.4324.192,1280x800,1276x697,,2AFC - 4 pictures,4,listA,listA,listA,5,46,3,Screen 3,Zone1,timelimit_screen,1000.4400000000023,,,,,0,1,0,,,1,,1,task,,"<p style=""font-size: 700%;""> bim</p>",,,,,1,control_low,1
141,1617178414593,31/03/2021 08:13:34,1617178414214,1,31/03/2021 09:13:34,45245,5,task-hpz2,,11500643,BLIND,3502047,,complete,,60642af88923fa540be88a48,computer,Desktop or Laptop,Mac OS 10.14.6,Chrome 88.0.4324.192,1280x800,1276x697,,2AFC - 4 pictures,4,listA,listA,listA,29,47,1,Screen 1,fixation,fixation,1000.4400000000023,,,,,0,1,0,,,,,1,task,,"<p style=""font-size: 700%;""> bim</p>",,,,,1,control_high,1
142,1617178415062,31/03/2021 08:13:35,1617178414999,1,31/03/2021 09:13:34,45245,5,task-hpz2,,11500643,BLIND,3502047,,complete,,60642af88923fa540be88a48,computer,Desktop or Laptop,Mac OS 10.14.6,Chrome 88.0.4324.192,1280x800,1276x697,,2AFC - 4 pictures,4,listA,listA,listA,29,47,2,Screen 2,buttonC,response_button_image,769.2200001329184,,,,1,1,0,0,,,,,1,task,,"<p style=""font-size: 700%;""> bim</p>",,,,,1,control_high,1
143,1617178416631,31/03/2021 08:13:36,1617178415983,1,31/03/2021 09:13:35,45245,5,task-hpz2,,11500643,BLIND,3502047,,complete,,60642af88923fa540be88a48,computer,Desktop or Laptop,Mac OS 10.14.6,Chrome 88.0.4324.192,1280x800,1276x697,,2AFC - 4 pictures,4,listA,listA,listA,29,47,3,Screen 3,Zone1,timelimit_screen,1000.4400000000023,,,,,0,1,0,,,1,,1,task,,"<p style=""font-size: 700%;""> bim</p>",,,,,1,control_high,1
144,1617178417118,31/03/2021 08:13:37,1617178416983,1,31/03/2021 09:13:36,45245,5,task-hpz2,,11500643,BLIND,3502047,,complete,,60642af88923fa540be88a48,computer,Desktop or Laptop,Mac OS 10.14.6,Chrome 88.0.4324.192,1280x800,1276x697,,2AFC - 4 pictures,4,listA,listA,listA,18,48,1,Screen 1,fixation,fixation,1000.4400000000023,,,,,0,1,0,,,,,1,task,,"<p style=""font-size: 700%;""> wug</p>",,,,,1,low,1
145,1617178417587,31/03/2021 08:13:37,1617178417515,1,31/03/2021 09:13:37,45245,5,task-hpz2,,11500643,BLIND,3502047,,complete,,60642af88923fa540be88a48,computer,Desktop or Laptop,Mac OS 10.14.6,Chrome 88.0.4324.192,1280x800,1276x697,,2AFC - 4 pictures,4,listA,listA,listA,18,48,2,Screen 2,buttonA,response_button_image,518.7350001651794,,,,1,1,0,0,,,,,1,task,,"<p style=""font-size: 700%;""> wug</p>",,,,,1,low,1
146,1617178418564,31/03/2021 08:13:38,1617178418501,1,31/03/2021 09:13:38,45245,5,task-hpz2,,11500643,BLIND,3502047,,complete,,60642af88923fa540be88a48,computer,Desktop or Laptop,Mac OS 10.14.6,Chrome 88.0.4324.192,1280x800,1276x697,,2AFC - 4 pictures,4,listA,listA,listA,18,48,3,Screen 3,Zone1,timelimit_screen,1000.4400000000023,,,,,0,1,0,,,1,,1,task,,"<p style=""font-size: 700%;""> wug</p>",,,,,1,low,1
147,1617178419643,31/03/2021 08:13:39,1617178419499,1,31/03/2021 09:13:39,45245,5,task-hpz2,,11500643,BLIND,3502047,,complete,,60642af88923fa540be88a48,computer,Desktop or Laptop,Mac OS 10.14.6,Chrome 88.0.4324.192,1280x800,1276x697,,2AFC - 4 pictures,4,listA,listA,listA,45,49,1,Screen 1,fixation,fixation,1000.4400000000023,,,,,0,1,0,,,,,1,task,,"<p style=""font-size: 700%;""> tob</p>",,,,,1,low,1
148,1617178420229,31/03/2021 08:13:40,1617178420133,1,31/03/2021 09:13:40,45245,5,task-hpz2,,11500643,BLIND,3502047,,complete,,60642af88923fa540be88a48,computer,Desktop or Laptop,Mac OS 10.14.6,Chrome 88.0.4324.192,1280x800,1276x697,,2AFC - 4 pictures,4,listA,listA,listA,45,49,2,Screen 2,buttonB,response_button_image,620.2399998437613,,,,1,1,0,0,,,,,1,task,,"<p style=""font-size: 700%;""> tob</p>",,,,,1,low,1
149,1617178421231,31/03/2021 08:13:41,1617178421131,1,31/03/2021 09:13:41,45245,5,task-hpz2,,11500643,BLIND,3502047,,complete,,60642af88923fa540be88a48,computer,Desktop or Laptop,Mac OS 10.14.6,Chrome 88.0.4324.192,1280x800,1276x697,,2AFC - 4 pictures,4,listA,listA,listA,45,49,3,Screen 3,Zone1,timelimit_screen,1000.4400000000023,,,,,0,1,0,,,1,,1,task,,"<p style=""font-size: 700%;""> tob</p>",,,,,1,low,1
150,1617178422183,31/03/2021 08:13:42,1617178422131,1,31/03/2021 09:13:42,45245,5,task-hpz2,,11500643,BLIND,3502047,,complete,,60642af88923fa540be88a48,computer,Desktop or Laptop,Mac OS 10.14.6,Chrome 88.0.4324.192,1280x800,1276x697,,2AFC - 4 pictures,4,listA,listA,listA,9,50,1,Screen 1,fixation,fixation,1000.4400000000023,,,,,0,1,0,,,,,1,task,,"<p style=""font-size: 700%;""> bim</p>",,,,,1,control_high,1
151,1617178422690,31/03/2021 08:13:42,1617178422637,1,31/03/2021 09:13:42,45245,5,task-hpz2,,11500643,BLIND,3502047,,complete,,60642af88923fa540be88a48,computer,Desktop or Laptop,Mac OS 10.14.6,Chrome 88.0.4324.192,1280x800,1276x697,,2AFC - 4 pictures,4,listA,listA,listA,9,50,2,Screen 2,buttonA,response_button_image,493.17999999038875,,,,1,1,0,0,,,,,1,task,,"<p style=""font-size: 700%;""> bim</p>",,,,,1,control_high,1
152,1617178423695,31/03/2021 08:13:43,1617178423633,1,31/03/2021 09:13:43,45245,5,task-hpz2,,11500643,BLIND,3502047,,complete,,60642af88923fa540be88a48,computer,Desktop or Laptop,Mac OS 10.14.6,Chrome 88.0.4324.192,1280x800,1276x697,,2AFC - 4 pictures,4,listA,listA,listA,9,50,3,Screen 3,Zone1,timelimit_screen,1000.4400000000023,,,,,0,1,0,,,1,,1,task,,"<p style=""font-size: 700%;""> bim</p>",,,,,1,control_high,1
153,1617178424716,31/03/2021 08:13:44,1617178424632,1,31/03/2021 09:13:44,45245,5,task-hpz2,,11500643,BLIND,3502047,,complete,,60642af88923fa540be88a48,computer,Desktop or Laptop,Mac OS 10.14.6,Chrome 88.0.4324.192,1280x800,1276x697,,2AFC - 4 pictures,4,listA,listA,listA,44,51,1,Screen 1,fixation,fixation,1000.4400000000023,,,,,0,1,0,,,,,1,task,,"<p style=""font-size: 700%;""> dep</p>",,,,,1,high,1
154,1617178425199,31/03/2021 08:13:45,1617178425121,1,31/03/2021 09:13:45,45245,5,task-hpz2,,11500643,BLIND,3502047,,complete,,60642af88923fa540be88a48,computer,Desktop or Laptop,Mac OS 10.14.6,Chrome 88.0.4324.192,1280x800,1276x697,,2AFC - 4 pictures,4,listA,listA,listA,44,51,2,Screen 2,buttonD,response_button_image,475.96499999053776,,,,1,1,0,0,,,,,1,task,,"<p style=""font-size: 700%;""> dep</p>",,,,,1,high,1
155,1617178426200,31/03/2021 08:13:46,1617178426117,1,31/03/2021 09:13:46,45245,5,task-hpz2,,11500643,BLIND,3502047,,complete,,60642af88923fa540be88a48,computer,Desktop or Laptop,Mac OS 10.14.6,Chrome 88.0.4324.192,1280x800,1276x697,,2AFC - 4 pictures,4,listA,listA,listA,44,51,3,Screen 3,Zone1,timelimit_screen,1000.4400000000023,,,,,0,1,0,,,1,,1,task,,"<p style=""font-size: 700%;""> dep</p>",,,,,1,high,1
156,1617178427175,31/03/2021 08:13:47,1617178427118,1,31/03/2021 09:13:47,45245,5,task-hpz2,,11500643,BLIND,3502047,,complete,,60642af88923fa540be88a48,computer,Desktop or Laptop,Mac OS 10.14.6,Chrome 88.0.4324.192,1280x800,1276x697,,2AFC - 4 pictures,4,listA,listA,listA,17,52,1,Screen 1,fixation,fixation,1000.4400000000023,,,,,0,1,0,,,,,1,task,,"<p style=""font-size: 700%;""> tob</p>",,,,,1,low,1
157,1617178428078,31/03/2021 08:13:48,1617178427621,1,31/03/2021 09:13:47,45245,5,task-hpz2,,11500643,BLIND,3502047,,complete,,60642af88923fa540be88a48,computer,Desktop or Laptop,Mac OS 10.14.6,Chrome 88.0.4324.192,1280x800,1276x697,,2AFC - 4 pictures,4,listA,listA,listA,17,52,2,Screen 2,buttonA,response_button_image,491.4949999656528,,,,1,1,0,0,,,,,1,task,,"<p style=""font-size: 700%;""> tob</p>",,,,,1,low,1
158,1617178428675,31/03/2021 08:13:48,1617178428619,1,31/03/2021 09:13:48,45245,5,task-hpz2,,11500643,BLIND,3502047,,complete,,60642af88923fa540be88a48,computer,Desktop or Laptop,Mac OS 10.14.6,Chrome 88.0.4324.192,1280x800,1276x697,,2AFC - 4 pictures,4,listA,listA,listA,17,52,3,Screen 3,Zone1,timelimit_screen,1000.4400000000023,,,,,0,1,0,,,1,,1,task,,"<p style=""font-size: 700%;""> tob</p>",,,,,1,low,1
159,1617178429691,31/03/2021 08:13:49,1617178429618,1,31/03/2021 09:13:49,45245,5,task-hpz2,,11500643,BLIND,3502047,,complete,,60642af88923fa540be88a48,computer,Desktop or Laptop,Mac OS 10.14.6,Chrome 88.0.4324.192,1280x800,1276x697,,2AFC - 4 pictures,4,listA,listA,listA,40,53,1,Screen 1,fixation,fixation,1000.4399999999732,,,,,0,1,0,,,,,1,task,,"<p style=""font-size: 700%;""> tob</p>",,,,,1,low,1
160,1617178430179,31/03/2021 08:13:50,1617178430117,1,31/03/2021 09:13:50,45245,5,task-hpz2,,11500643,BLIND,3502047,,complete,,60642af88923fa540be88a48,computer,Desktop or Laptop,Mac OS 10.14.6,Chrome 88.0.4324.192,1280x800,1276x697,,2AFC - 4 pictures,4,listA,listA,listA,40,53,2,Screen 2,buttonC,response_button_image,487.66999994404614,,,,1,1,0,0,,,,,1,task,,"<p style=""font-size: 700%;""> tob</p>",,,,,1,low,1
161,1617178431180,31/03/2021 08:13:51,1617178431102,1,31/03/2021 09:13:51,45245,5,task-hpz2,,11500643,BLIND,3502047,,complete,,60642af88923fa540be88a48,computer,Desktop or Laptop,Mac OS 10.14.6,Chrome 88.0.4324.192,1280x800,1276x697,,2AFC - 4 pictures,4,listA,listA,listA,40,53,3,Screen 3,Zone1,timelimit_screen,1000.4400000000023,,,,,0,1,0,,,1,,1,task,,"<p style=""font-size: 700%;""> tob</p>",,,,,1,low,1
162,1617178432156,31/03/2021 08:13:52,1617178432102,1,31/03/2021 09:13:52,45245,5,task-hpz2,,11500643,BLIND,3502047,,complete,,60642af88923fa540be88a48,computer,Desktop or Laptop,Mac OS 10.14.6,Chrome 88.0.4324.192,1280x800,1276x697,,2AFC - 4 pictures,4,listA,listA,listA,56,54,1,Screen 1,fixation,fixation,1000.4400000000023,,,,,0,1,0,,,,,1,task,,"<p style=""font-size: 700%;""> dep</p>",,,,,1,low,1
163,1617178432804,31/03/2021 08:13:52,1617178432745,1,31/03/2021 09:13:52,45245,5,task-hpz2,,11500643,BLIND,3502047,,complete,,60642af88923fa540be88a48,computer,Desktop or Laptop,Mac OS 10.14.6,Chrome 88.0.4324.192,1280x800,1276x697,,2AFC - 4 pictures,4,listA,listA,listA,56,54,2,Screen 2,buttonC,response_button_image,631.969999987632,,,,1,1,0,0,,,,,1,task,,"<p style=""font-size: 700%;""> dep</p>",,,,,1,low,1
164,1617178433804,31/03/2021 08:13:53,1617178433737,1,31/03/2021 09:13:53,45245,5,task-hpz2,,11500643,BLIND,3502047,,complete,,60642af88923fa540be88a48,computer,Desktop or Laptop,Mac OS 10.14.6,Chrome 88.0.4324.192,1280x800,1276x697,,2AFC - 4 pictures,4,listA,listA,listA,56,54,3,Screen 3,Zone1,timelimit_screen,1000.4400000000023,,,,,0,1,0,,,1,,1,task,,"<p style=""font-size: 700%;""> dep</p>",,,,,1,low,1
165,1617178434797,31/03/2021 08:13:54,1617178434737,1,31/03/2021 09:13:54,45245,5,task-hpz2,,11500643,BLIND,3502047,,complete,,60642af88923fa540be88a48,computer,Desktop or Laptop,Mac OS 10.14.6,Chrome 88.0.4324.192,1280x800,1276x697,,2AFC - 4 pictures,4,listA,listA,listA,35,55,1,Screen 1,fixation,fixation,1000.4400000000023,,,,,0,1,0,,,,,1,task,,"<p style=""font-size: 700%;""> wug</p>",,,,,1,high,1
166,1617178435297,31/03/2021 08:13:55,1617178435193,1,31/03/2021 09:13:55,45245,5,task-hpz2,,11500643,BLIND,3502047,,complete,,60642af88923fa540be88a48,computer,Desktop or Laptop,Mac OS 10.14.6,Chrome 88.0.4324.192,1280x800,1276x697,,2AFC - 4 pictures,4,listA,listA,listA,35,55,2,Screen 2,buttonB,response_button_image,444.6650000754744,,,,1,1,0,0,,,,,1,task,,"<p style=""font-size: 700%;""> wug</p>",,,,,1,high,1
167,1617178436359,31/03/2021 08:13:56,1617178436188,1,31/03/2021 09:13:56,45245,5,task-hpz2,,11500643,BLIND,3502047,,complete,,60642af88923fa540be88a48,computer,Desktop or Laptop,Mac OS 10.14.6,Chrome 88.0.4324.192,1280x800,1276x697,,2AFC - 4 pictures,4,listA,listA,listA,35,55,3,Screen 3,Zone1,timelimit_screen,1000.4400000000023,,,,,0,1,0,,,1,,1,task,,"<p style=""font-size: 700%;""> wug</p>",,,,,1,high,1
168,1617178437246,31/03/2021 08:13:57,1617178437188,1,31/03/2021 09:13:57,45245,5,task-hpz2,,11500643,BLIND,3502047,,complete,,60642af88923fa540be88a48,computer,Desktop or Laptop,Mac OS 10.14.6,Chrome 88.0.4324.192,1280x800,1276x697,,2AFC - 4 pictures,4,listA,listA,listA,31,56,1,Screen 1,fixation,fixation,1000.4399999999732,,,,,0,1,0,,,,,1,task,,"<p style=""font-size: 700%;""> wug</p>",,,,,1,high,1
169,1617178437746,31/03/2021 08:13:57,1617178437694,1,31/03/2021 09:13:57,45245,5,task-hpz2,,11500643,BLIND,3502047,,complete,,60642af88923fa540be88a48,computer,Desktop or Laptop,Mac OS 10.14.6,Chrome 88.0.4324.192,1280x800,1276x697,,2AFC - 4 pictures,4,listA,listA,listA,31,56,2,Screen 2,buttonA,response_button_image,494.6749999653548,,,,1,1,0,0,,,,,1,task,,"<p style=""font-size: 700%;""> wug</p>",,,,,1,high,1
170,1617178438778,31/03/2021 08:13:58,1617178438690,1,31/03/2021 09:13:58,45245,5,task-hpz2,,11500643,BLIND,3502047,,complete,,60642af88923fa540be88a48,computer,Desktop or Laptop,Mac OS 10.14.6,Chrome 88.0.4324.192,1280x800,1276x697,,2AFC - 4 pictures,4,listA,listA,listA,31,56,3,Screen 3,Zone1,timelimit_screen,1000.4400000000023,,,,,0,1,0,,,1,,1,task,,"<p style=""font-size: 700%;""> wug</p>",,,,,1,high,1
171,1617178440032,31/03/2021 08:14:00,1617178439962,1,31/03/2021 09:13:59,45245,5,task-hpz2,,11500643,BLIND,3502047,,complete,,60642af88923fa540be88a48,computer,Desktop or Laptop,Mac OS 10.14.6,Chrome 88.0.4324.192,1280x800,1276x697,,2AFC - 4 pictures,4,listA,listA,listA,58,1,1,Screen 1,advancementZone,continue_button,1265.7649999018759,,,,,0,1,0,,,,,,finish,,,,,,,,,1
172,1617178440204,31/03/2021 08:14:00,1617178439964,1,31/03/2021 09:13:59,45245,5,task-hpz2,,11500643,BLIND,3502047,,complete,,60642af88923fa540be88a48,computer,Desktop or Laptop,Mac OS 10.14.6,Chrome 88.0.4324.192,1280x800,1276x697,,2AFC - 4 pictures,4,listA,listA,,,END TASK,,,,,186921,,,,,0,1,0,,,,,,,,,,,,,,,
END OF FILE
