"","objectLookedAt","timeRel.bin","frequency","block3","proportionLooks"
"1","ControlOneFoilLk",0,"control","block12",0.060609243697479
"2","targetLabelLk",0,"control","block12",0.116993464052288
"3","ControlOneFoilLk",50,"control","block12",0.0632457683928272
"4","targetLabelLk",50,"control","block12",0.0969823114430958
"5","ControlOneFoilLk",100,"control","block12",0.0771809133301853
"6","targetLabelLk",100,"control","block12",0.100264600014487
"7","ControlOneFoilLk",150,"control","block12",0.0851320003273199
"8","targetLabelLk",150,"control","block12",0.11986487134318
"9","ControlOneFoilLk",200,"control","block12",0.068285974644865
"10","targetLabelLk",200,"control","block12",0.117462036873802
"11","ControlOneFoilLk",250,"control","block12",0.0768703334242398
"12","targetLabelLk",250,"control","block12",0.13069773239178
"13","ControlOneFoilLk",300,"control","block12",0.0868085177990022
"14","targetLabelLk",300,"control","block12",0.124896428534199
"15","ControlOneFoilLk",350,"control","block12",0.0876370044906019
"16","targetLabelLk",350,"control","block12",0.135528959058371
"17","ControlOneFoilLk",400,"control","block12",0.0935224036571696
"18","targetLabelLk",400,"control","block12",0.0922159667834408
"19","ControlOneFoilLk",450,"control","block12",0.110922407429112
"20","targetLabelLk",450,"control","block12",0.112583184465335
"21","ControlOneFoilLk",500,"control","block12",0.0924905531032642
"22","targetLabelLk",500,"control","block12",0.117715064591332
"23","ControlOneFoilLk",550,"control","block12",0.0898648681714152
"24","targetLabelLk",550,"control","block12",0.146726988586395
"25","ControlOneFoilLk",600,"control","block12",0.0828554786834838
"26","targetLabelLk",600,"control","block12",0.19294417894172
"27","ControlOneFoilLk",650,"control","block12",0.0627759636630213
"28","targetLabelLk",650,"control","block12",0.277606604090851
"29","ControlOneFoilLk",700,"control","block12",0.0411622026890193
"30","targetLabelLk",700,"control","block12",0.367760895154812
"31","ControlOneFoilLk",750,"control","block12",0.0346336397806986
"32","targetLabelLk",750,"control","block12",0.434683604958878
"33","ControlOneFoilLk",800,"control","block12",0.0304705332960561
"34","targetLabelLk",800,"control","block12",0.457238123053529
"35","ControlOneFoilLk",850,"control","block12",0.0322481360212122
"36","targetLabelLk",850,"control","block12",0.471038098129941
"37","ControlOneFoilLk",900,"control","block12",0.0232687426379377
"38","targetLabelLk",900,"control","block12",0.485244386962653
"39","ControlOneFoilLk",950,"control","block12",0.031713435865685
"40","targetLabelLk",950,"control","block12",0.480693470312847
"41","ControlOneFoilLk",1000,"control","block12",0.0273102774081649
"42","targetLabelLk",1000,"control","block12",0.497556320318617
"43","ControlOneFoilLk",1050,"control","block12",0.0216226859723035
"44","targetLabelLk",1050,"control","block12",0.504657896531079
"45","ControlOneFoilLk",1100,"control","block12",0.0299812131992063
"46","targetLabelLk",1100,"control","block12",0.505574922541322
"47","ControlOneFoilLk",1150,"control","block12",0.0315423138952551
"48","targetLabelLk",1150,"control","block12",0.475652836206469
"49","ControlOneFoilLk",1200,"control","block12",0.0304763779358571
"50","targetLabelLk",1200,"control","block12",0.490887446881346
"51","ControlOneFoilLk",1250,"control","block12",0.0339009965967715
"52","targetLabelLk",1250,"control","block12",0.521923393522374
"53","ControlOneFoilLk",1300,"control","block12",0.0334430771714509
"54","targetLabelLk",1300,"control","block12",0.475341945531728
"55","ControlOneFoilLk",1350,"control","block12",0.0326489686783804
"56","targetLabelLk",1350,"control","block12",0.512187477574778
"57","ControlOneFoilLk",1400,"control","block12",0.0219474153297683
"58","targetLabelLk",1400,"control","block12",0.503209389509699
"59","ControlOneFoilLk",1450,"control","block12",0.0296421987598458
"60","targetLabelLk",1450,"control","block12",0.505120206590795
"61","ControlOneFoilLk",1500,"control","block12",0.0555555555555556
"62","targetLabelLk",1500,"control","block12",0.666666666666667
"63","mismatch1LabelLk",0,"h","block12",0.0902543958099514
"64","mismatch2LabelLk",0,"h","block12",0.0997621719843942
"65","targetLabelLk",0,"h","block12",0.0923333867778312
"66","mismatch1LabelLk",50,"h","block12",0.090404423160637
"67","mismatch2LabelLk",50,"h","block12",0.0924383812677214
"68","targetLabelLk",50,"h","block12",0.0966742778440718
"69","mismatch1LabelLk",100,"h","block12",0.0620128898520629
"70","mismatch2LabelLk",100,"h","block12",0.107580372693135
"71","targetLabelLk",100,"h","block12",0.101176428228412
"72","mismatch1LabelLk",150,"h","block12",0.0733908416833119
"73","mismatch2LabelLk",150,"h","block12",0.0984230764540955
"74","targetLabelLk",150,"h","block12",0.114245291655802
"75","mismatch1LabelLk",200,"h","block12",0.0578479856922836
"76","mismatch2LabelLk",200,"h","block12",0.0924213272801587
"77","targetLabelLk",200,"h","block12",0.108274197992839
"78","mismatch1LabelLk",250,"h","block12",0.0659871505310957
"79","mismatch2LabelLk",250,"h","block12",0.116392485859337
"80","targetLabelLk",250,"h","block12",0.151633959162208
"81","mismatch1LabelLk",300,"h","block12",0.0695573201790582
"82","mismatch2LabelLk",300,"h","block12",0.107473367987921
"83","targetLabelLk",300,"h","block12",0.121930909433698
"84","mismatch1LabelLk",350,"h","block12",0.0592478597349147
"85","mismatch2LabelLk",350,"h","block12",0.10414438768568
"86","targetLabelLk",350,"h","block12",0.136148501897764
"87","mismatch1LabelLk",400,"h","block12",0.066491378084521
"88","mismatch2LabelLk",400,"h","block12",0.0904566603220467
"89","targetLabelLk",400,"h","block12",0.147577349106731
"90","mismatch1LabelLk",450,"h","block12",0.072293295380701
"91","mismatch2LabelLk",450,"h","block12",0.0886113620749311
"92","targetLabelLk",450,"h","block12",0.160789984697379
"93","mismatch1LabelLk",500,"h","block12",0.0652079558172748
"94","mismatch2LabelLk",500,"h","block12",0.0817265762542383
"95","targetLabelLk",500,"h","block12",0.17073653021907
"96","mismatch1LabelLk",550,"h","block12",0.0991440212774411
"97","mismatch2LabelLk",550,"h","block12",0.0878478376283622
"98","targetLabelLk",550,"h","block12",0.186968146594521
"99","mismatch1LabelLk",600,"h","block12",0.0458701011250382
"100","mismatch2LabelLk",600,"h","block12",0.0830509150545516
"101","targetLabelLk",600,"h","block12",0.238646926406102
"102","mismatch1LabelLk",650,"h","block12",0.04166935160693
"103","mismatch2LabelLk",650,"h","block12",0.0460950095623834
"104","targetLabelLk",650,"h","block12",0.342697143759007
"105","mismatch1LabelLk",700,"h","block12",0.0356711665574621
"106","mismatch2LabelLk",700,"h","block12",0.0331564832992224
"107","targetLabelLk",700,"h","block12",0.384053492962912
"108","mismatch1LabelLk",750,"h","block12",0.0313879856460266
"109","mismatch2LabelLk",750,"h","block12",0.0218161320005226
"110","targetLabelLk",750,"h","block12",0.409835416808818
"111","mismatch1LabelLk",800,"h","block12",0.0286277243650887
"112","mismatch2LabelLk",800,"h","block12",0.0213736279631903
"113","targetLabelLk",800,"h","block12",0.473125263911099
"114","mismatch1LabelLk",850,"h","block12",0.0232562477065665
"115","mismatch2LabelLk",850,"h","block12",0.0226001564382964
"116","targetLabelLk",850,"h","block12",0.475080577452838
"117","mismatch1LabelLk",900,"h","block12",0.0211986678465637
"118","mismatch2LabelLk",900,"h","block12",0.0224303099684154
"119","targetLabelLk",900,"h","block12",0.468927034186573
"120","mismatch1LabelLk",950,"h","block12",0.0287509916332991
"121","mismatch2LabelLk",950,"h","block12",0.0324724020846423
"122","targetLabelLk",950,"h","block12",0.474044832419757
"123","mismatch1LabelLk",1000,"h","block12",0.0429254775548316
"124","mismatch2LabelLk",1000,"h","block12",0.0210385161486353
"125","targetLabelLk",1000,"h","block12",0.475972473679655
"126","mismatch1LabelLk",1050,"h","block12",0.0316984117941859
"127","mismatch2LabelLk",1050,"h","block12",0.0220817020403437
"128","targetLabelLk",1050,"h","block12",0.494268850446033
"129","mismatch1LabelLk",1100,"h","block12",0.0250130567731449
"130","mismatch2LabelLk",1100,"h","block12",0.0243256529902246
"131","targetLabelLk",1100,"h","block12",0.480220884747887
"132","mismatch1LabelLk",1150,"h","block12",0.0298893725548796
"133","mismatch2LabelLk",1150,"h","block12",0.0303835511380963
"134","targetLabelLk",1150,"h","block12",0.464081060455649
"135","mismatch1LabelLk",1200,"h","block12",0.0303642116293082
"136","mismatch2LabelLk",1200,"h","block12",0.0283241722601042
"137","targetLabelLk",1200,"h","block12",0.468299761898784
"138","mismatch1LabelLk",1250,"h","block12",0.0327625063703146
"139","mismatch2LabelLk",1250,"h","block12",0.0339407427178325
"140","targetLabelLk",1250,"h","block12",0.464025443089227
"141","mismatch1LabelLk",1300,"h","block12",0.0206527707748898
"142","mismatch2LabelLk",1300,"h","block12",0.0268148061197142
"143","targetLabelLk",1300,"h","block12",0.462586243090477
"144","mismatch1LabelLk",1350,"h","block12",0.0274032439334334
"145","mismatch2LabelLk",1350,"h","block12",0.0373360280953698
"146","targetLabelLk",1350,"h","block12",0.481783167116631
"147","mismatch1LabelLk",1400,"h","block12",0.0285699317636941
"148","mismatch2LabelLk",1400,"h","block12",0.0251841353164124
"149","targetLabelLk",1400,"h","block12",0.510503129155421
"150","mismatch1LabelLk",1450,"h","block12",0.0374833907922143
"151","mismatch2LabelLk",1450,"h","block12",0.0332430078044113
"152","targetLabelLk",1450,"h","block12",0.496470154104436
"153","mismatch1LabelLk",1500,"h","block12",0.0416666666666667
"154","mismatch2LabelLk",1500,"h","block12",0.0833333333333333
"155","targetLabelLk",1500,"h","block12",0.472222222222222
"156","mismatch1LabelLk",1550,"h","block12",0
"157","mismatch2LabelLk",1550,"h","block12",0.25
"158","targetLabelLk",1550,"h","block12",0
"159","mismatch1LabelLk",0,"l","block12",0.0753472222222222
"160","mismatch2LabelLk",0,"l","block12",0.0892361111111111
"161","targetLabelLk",0,"l","block12",0.0920138888888889
"162","mismatch1LabelLk",50,"l","block12",0.0496177048260382
"163","mismatch2LabelLk",50,"l","block12",0.106795114607615
"164","targetLabelLk",50,"l","block12",0.113733315295815
"165","mismatch1LabelLk",100,"l","block12",0.0734937516187516
"166","mismatch2LabelLk",100,"l","block12",0.083524346024346
"167","targetLabelLk",100,"l","block12",0.094331074018574
"168","mismatch1LabelLk",150,"l","block12",0.0935179403929404
"169","mismatch2LabelLk",150,"l","block12",0.100356703481703
"170","targetLabelLk",150,"l","block12",0.0923900462962963
"171","mismatch1LabelLk",200,"l","block12",0.109411421911422
"172","mismatch2LabelLk",200,"l","block12",0.107744859307359
"173","targetLabelLk",200,"l","block12",0.105570211038961
"174","mismatch1LabelLk",250,"l","block12",0.11094772382723
"175","mismatch2LabelLk",250,"l","block12",0.116557905276735
"176","targetLabelLk",250,"l","block12",0.120614628427128
"177","mismatch1LabelLk",300,"l","block12",0.128584147334147
"178","mismatch2LabelLk",300,"l","block12",0.111216040903541
"179","targetLabelLk",300,"l","block12",0.102978445165945
"180","mismatch1LabelLk",350,"l","block12",0.109306771127423
"181","mismatch2LabelLk",350,"l","block12",0.114081909937888
"182","targetLabelLk",350,"l","block12",0.0903439153439153
"183","mismatch1LabelLk",400,"l","block12",0.102642496392496
"184","mismatch2LabelLk",400,"l","block12",0.0915030571280571
"185","targetLabelLk",400,"l","block12",0.125414111351611
"186","mismatch1LabelLk",450,"l","block12",0.133942822224072
"187","mismatch2LabelLk",450,"l","block12",0.0913298217985718
"188","targetLabelLk",450,"l","block12",0.127487266632003
"189","mismatch1LabelLk",500,"l","block12",0.0922938906473853
"190","mismatch2LabelLk",500,"l","block12",0.0956902857944525
"191","targetLabelLk",500,"l","block12",0.0958994708994709
"192","mismatch1LabelLk",550,"l","block12",0.0873032385979097
"193","mismatch2LabelLk",550,"l","block12",0.0864294463252797
"194","targetLabelLk",550,"l","block12",0.136547654064257
"195","mismatch1LabelLk",600,"l","block12",0.0714545292670293
"196","mismatch2LabelLk",600,"l","block12",0.0699059042809043
"197","targetLabelLk",600,"l","block12",0.168371385558886
"198","mismatch1LabelLk",650,"l","block12",0.0485229020706962
"199","mismatch2LabelLk",650,"l","block12",0.0627272727272727
"200","targetLabelLk",650,"l","block12",0.227158647452765
"201","mismatch1LabelLk",700,"l","block12",0.0134882478632479
"202","mismatch2LabelLk",700,"l","block12",0.0488910395160395
"203","targetLabelLk",700,"l","block12",0.36018136955637
"204","mismatch1LabelLk",750,"l","block12",0.0174898018648019
"205","mismatch2LabelLk",750,"l","block12",0.0288544584500467
"206","targetLabelLk",750,"l","block12",0.442144966961143
"207","mismatch1LabelLk",800,"l","block12",0.0137553418803419
"208","mismatch2LabelLk",800,"l","block12",0.0194534632034632
"209","targetLabelLk",800,"l","block12",0.471592282899849
"210","mismatch1LabelLk",850,"l","block12",0.021114417989418
"211","mismatch2LabelLk",850,"l","block12",0.0301739926739927
"212","targetLabelLk",850,"l","block12",0.504193664451017
"213","mismatch1LabelLk",900,"l","block12",0.0323183760683761
"214","mismatch2LabelLk",900,"l","block12",0.0308712121212121
"215","targetLabelLk",900,"l","block12",0.428645785156202
"216","mismatch1LabelLk",950,"l","block12",0.0197172619047619
"217","mismatch2LabelLk",950,"l","block12",0.0458754208754209
"218","targetLabelLk",950,"l","block12",0.475765594699418
"219","mismatch1LabelLk",1000,"l","block12",0.0233796296296296
"220","mismatch2LabelLk",1000,"l","block12",0.0402694527694528
"221","targetLabelLk",1000,"l","block12",0.506798352110852
"222","mismatch1LabelLk",1050,"l","block12",0.0212972008927891
"223","mismatch2LabelLk",1050,"l","block12",0.0335221083382848
"224","targetLabelLk",1050,"l","block12",0.515044551717346
"225","mismatch1LabelLk",1100,"l","block12",0.00420875420875421
"226","mismatch2LabelLk",1100,"l","block12",0.0425978535353535
"227","targetLabelLk",1100,"l","block12",0.503821484829028
"228","mismatch1LabelLk",1150,"l","block12",0.0196211485273985
"229","mismatch2LabelLk",1150,"l","block12",0.0461214133089133
"230","targetLabelLk",1150,"l","block12",0.510385679135679
"231","mismatch1LabelLk",1200,"l","block12",0.0262085137085137
"232","mismatch2LabelLk",1200,"l","block12",0.0414535984848485
"233","targetLabelLk",1200,"l","block12",0.51894531972657
"234","mismatch1LabelLk",1250,"l","block12",0.0276146885521886
"235","mismatch2LabelLk",1250,"l","block12",0.0322449252136752
"236","targetLabelLk",1250,"l","block12",0.544566631285381
"237","mismatch1LabelLk",1300,"l","block12",0.0169289044289044
"238","mismatch2LabelLk",1300,"l","block12",0.0303273115773116
"239","targetLabelLk",1300,"l","block12",0.51989226051726
"240","mismatch1LabelLk",1350,"l","block12",0.0338893745143745
"241","mismatch2LabelLk",1350,"l","block12",0.0352500508750509
"242","targetLabelLk",1350,"l","block12",0.502432868057868
"243","mismatch1LabelLk",1400,"l","block12",0.0247395833333333
"244","mismatch2LabelLk",1400,"l","block12",0.0319996843434343
"245","targetLabelLk",1400,"l","block12",0.529469517750768
"246","mismatch1LabelLk",1450,"l","block12",0.0142361111111111
"247","mismatch2LabelLk",1450,"l","block12",0.0194444444444444
"248","targetLabelLk",1450,"l","block12",0.530869708994709
"249","mismatch1LabelLk",1500,"l","block12",0
"250","mismatch2LabelLk",1500,"l","block12",0
"251","targetLabelLk",1500,"l","block12",0.2
"252","mismatch1LabelLk",1550,"l","block12",0
"253","mismatch2LabelLk",1550,"l","block12",0
"254","targetLabelLk",1550,"l","block12",0
"255","ControlOneFoilLk",0,"control","block34",0.0982638888888889
"256","targetLabelLk",0,"control","block34",0.0666666666666667
"257","ControlOneFoilLk",50,"control","block34",0.0988859686268419
"258","targetLabelLk",50,"control","block34",0.109730491834304
"259","ControlOneFoilLk",100,"control","block34",0.0859757349370479
"260","targetLabelLk",100,"control","block34",0.103762049896561
"261","ControlOneFoilLk",150,"control","block34",0.104949168068146
"262","targetLabelLk",150,"control","block34",0.0925116896991897
"263","ControlOneFoilLk",200,"control","block34",0.128595770482444
"264","targetLabelLk",200,"control","block34",0.113647791251958
"265","ControlOneFoilLk",250,"control","block34",0.117963726088726
"266","targetLabelLk",250,"control","block34",0.0922390711820859
"267","ControlOneFoilLk",300,"control","block34",0.118840860041518
"268","targetLabelLk",300,"control","block34",0.105064033189033
"269","ControlOneFoilLk",350,"control","block34",0.118265745692216
"270","targetLabelLk",350,"control","block34",0.103914032330973
"271","ControlOneFoilLk",400,"control","block34",0.126118975677315
"272","targetLabelLk",400,"control","block34",0.103893419352978
"273","ControlOneFoilLk",450,"control","block34",0.130790992976155
"274","targetLabelLk",450,"control","block34",0.102334829295614
"275","ControlOneFoilLk",500,"control","block34",0.124421391176906
"276","targetLabelLk",500,"control","block34",0.11659068328186
"277","ControlOneFoilLk",550,"control","block34",0.125806423651072
"278","targetLabelLk",550,"control","block34",0.118877114869278
"279","ControlOneFoilLk",600,"control","block34",0.117162069685763
"280","targetLabelLk",600,"control","block34",0.160198145991784
"281","ControlOneFoilLk",650,"control","block34",0.0898129234807603
"282","targetLabelLk",650,"control","block34",0.243242810873885
"283","ControlOneFoilLk",700,"control","block34",0.0711864866705553
"284","targetLabelLk",700,"control","block34",0.320954856952664
"285","ControlOneFoilLk",750,"control","block34",0.0497450749668492
"286","targetLabelLk",750,"control","block34",0.408531785176616
"287","ControlOneFoilLk",800,"control","block34",0.0445571521520834
"288","targetLabelLk",800,"control","block34",0.432606918512663
"289","ControlOneFoilLk",850,"control","block34",0.0437993415482657
"290","targetLabelLk",850,"control","block34",0.441971734563531
"291","ControlOneFoilLk",900,"control","block34",0.0436696778172295
"292","targetLabelLk",900,"control","block34",0.442383684790448
"293","ControlOneFoilLk",950,"control","block34",0.0379097599453637
"294","targetLabelLk",950,"control","block34",0.468534293399812
"295","ControlOneFoilLk",1000,"control","block34",0.0341764092024894
"296","targetLabelLk",1000,"control","block34",0.501825466948317
"297","ControlOneFoilLk",1050,"control","block34",0.0370545998835472
"298","targetLabelLk",1050,"control","block34",0.50145165891828
"299","ControlOneFoilLk",1100,"control","block34",0.032401048026048
"300","targetLabelLk",1100,"control","block34",0.480045046327941
"301","ControlOneFoilLk",1150,"control","block34",0.0267847400480073
"302","targetLabelLk",1150,"control","block34",0.483250878812824
"303","ControlOneFoilLk",1200,"control","block34",0.0245882781848255
"304","targetLabelLk",1200,"control","block34",0.549005188975659
"305","ControlOneFoilLk",1250,"control","block34",0.0321022837796735
"306","targetLabelLk",1250,"control","block34",0.544659752907624
"307","ControlOneFoilLk",1300,"control","block34",0.0332925686338515
"308","targetLabelLk",1300,"control","block34",0.515800641685397
"309","ControlOneFoilLk",1350,"control","block34",0.0333213174496069
"310","targetLabelLk",1350,"control","block34",0.524776448474365
"311","ControlOneFoilLk",1400,"control","block34",0.0336262406574907
"312","targetLabelLk",1400,"control","block34",0.542857353222403
"313","ControlOneFoilLk",1450,"control","block34",0.0256200396825397
"314","targetLabelLk",1450,"control","block34",0.480649610805861
"315","ControlOneFoilLk",1500,"control","block34",0
"316","targetLabelLk",1500,"control","block34",1
"317","mismatch1LabelLk",0,"h","block34",0.11206910373577
"318","mismatch2LabelLk",0,"h","block34",0.143563946341724
"319","targetLabelLk",0,"h","block34",0.08663620330287
"320","mismatch1LabelLk",50,"h","block34",0.164260981303393
"321","mismatch2LabelLk",50,"h","block34",0.109640875676743
"322","targetLabelLk",50,"h","block34",0.103127228604683
"323","mismatch1LabelLk",100,"h","block34",0.108200385266075
"324","mismatch2LabelLk",100,"h","block34",0.136261838711805
"325","targetLabelLk",100,"h","block34",0.0994490841992983
"326","mismatch1LabelLk",150,"h","block34",0.101682398669092
"327","mismatch2LabelLk",150,"h","block34",0.131000792326192
"328","targetLabelLk",150,"h","block34",0.111578810417679
"329","mismatch1LabelLk",200,"h","block34",0.109640895478703
"330","mismatch2LabelLk",200,"h","block34",0.110769884262002
"331","targetLabelLk",200,"h","block34",0.14802261857676
"332","mismatch1LabelLk",250,"h","block34",0.124909400641296
"333","mismatch2LabelLk",250,"h","block34",0.105099192486467
"334","targetLabelLk",250,"h","block34",0.213488202363181
"335","mismatch1LabelLk",300,"h","block34",0.0955475779252283
"336","mismatch2LabelLk",300,"h","block34",0.11168276585313
"337","targetLabelLk",300,"h","block34",0.168398775245314
"338","mismatch1LabelLk",350,"h","block34",0.0911599548276156
"339","mismatch2LabelLk",350,"h","block34",0.122695831212578
"340","targetLabelLk",350,"h","block34",0.172292811923565
"341","mismatch1LabelLk",400,"h","block34",0.0820480485450177
"342","mismatch2LabelLk",400,"h","block34",0.097151031424088
"343","targetLabelLk",400,"h","block34",0.201703953266521
"344","mismatch1LabelLk",450,"h","block34",0.105072728743978
"345","mismatch2LabelLk",450,"h","block34",0.114870841400476
"346","targetLabelLk",450,"h","block34",0.196952990281225
"347","mismatch1LabelLk",500,"h","block34",0.154866343696911
"348","mismatch2LabelLk",500,"h","block34",0.0875013720839378
"349","targetLabelLk",500,"h","block34",0.225223951750507
"350","mismatch1LabelLk",550,"h","block34",0.0902957715920303
"351","mismatch2LabelLk",550,"h","block34",0.110984044432719
"352","targetLabelLk",550,"h","block34",0.266429216848947
"353","mismatch1LabelLk",600,"h","block34",0.105323287491142
"354","mismatch2LabelLk",600,"h","block34",0.0670822452756213
"355","targetLabelLk",600,"h","block34",0.30909484585653
"356","mismatch1LabelLk",650,"h","block34",0.114848399358812
"357","mismatch2LabelLk",650,"h","block34",0.0826854568297809
"358","targetLabelLk",650,"h","block34",0.353288508860565
"359","mismatch1LabelLk",700,"h","block34",0.0364242678297165
"360","mismatch2LabelLk",700,"h","block34",0.0359695990072445
"361","targetLabelLk",700,"h","block34",0.40188092539957
"362","mismatch1LabelLk",750,"h","block34",0.0374492632908827
"363","mismatch2LabelLk",750,"h","block34",0.0221887469421071
"364","targetLabelLk",750,"h","block34",0.458795528903693
"365","mismatch1LabelLk",800,"h","block34",0.0382270260734537
"366","mismatch2LabelLk",800,"h","block34",0.0544094924177943
"367","targetLabelLk",800,"h","block34",0.456752094718535
"368","mismatch1LabelLk",850,"h","block34",0.0352444459935168
"369","mismatch2LabelLk",850,"h","block34",0.0245353102472237
"370","targetLabelLk",850,"h","block34",0.524958211010505
"371","mismatch1LabelLk",900,"h","block34",0.0298563813496911
"372","mismatch2LabelLk",900,"h","block34",0.0531200499664819
"373","targetLabelLk",900,"h","block34",0.471812810477689
"374","mismatch1LabelLk",950,"h","block34",0.0317436862745956
"375","mismatch2LabelLk",950,"h","block34",0.0463144641803122
"376","targetLabelLk",950,"h","block34",0.512787917418425
"377","mismatch1LabelLk",1000,"h","block34",0.0356566890714174
"378","mismatch2LabelLk",1000,"h","block34",0.030780154776878
"379","targetLabelLk",1000,"h","block34",0.519730065820591
"380","mismatch1LabelLk",1050,"h","block34",0.0366147600308759
"381","mismatch2LabelLk",1050,"h","block34",0.0304409675411823
"382","targetLabelLk",1050,"h","block34",0.510891961938656
"383","mismatch1LabelLk",1100,"h","block34",0.0303877960411386
"384","mismatch2LabelLk",1100,"h","block34",0.0636909011347078
"385","targetLabelLk",1100,"h","block34",0.441152308109938
"386","mismatch1LabelLk",1150,"h","block34",0.0315238291849825
"387","mismatch2LabelLk",1150,"h","block34",0.0536291342711084
"388","targetLabelLk",1150,"h","block34",0.446465656748225
"389","mismatch1LabelLk",1200,"h","block34",0.0168308962964452
"390","mismatch2LabelLk",1200,"h","block34",0.0465799109400013
"391","targetLabelLk",1200,"h","block34",0.475307456264956
"392","mismatch1LabelLk",1250,"h","block34",0.0167496476812612
"393","mismatch2LabelLk",1250,"h","block34",0.0629608815440196
"394","targetLabelLk",1250,"h","block34",0.507157020331014
"395","mismatch1LabelLk",1300,"h","block34",0.0756528899293044
"396","mismatch2LabelLk",1300,"h","block34",0.0306774161359752
"397","targetLabelLk",1300,"h","block34",0.465249123798453
"398","mismatch1LabelLk",1350,"h","block34",0.0742561033268761
"399","mismatch2LabelLk",1350,"h","block34",0.055899123979046
"400","targetLabelLk",1350,"h","block34",0.484934286339609
"401","mismatch1LabelLk",1400,"h","block34",0.0198752802677457
"402","mismatch2LabelLk",1400,"h","block34",0.0442936769987457
"403","targetLabelLk",1400,"h","block34",0.477879543416396
"404","mismatch1LabelLk",1450,"h","block34",0.0198296428946584
"405","mismatch2LabelLk",1450,"h","block34",0.0341018202609898
"406","targetLabelLk",1450,"h","block34",0.555056370661452
"407","mismatch1LabelLk",1500,"h","block34",0
"408","mismatch2LabelLk",1500,"h","block34",0
"409","targetLabelLk",1500,"h","block34",0.580555555555556
"410","mismatch1LabelLk",0,"l","block34",0.130208333333333
"411","mismatch2LabelLk",0,"l","block34",0.0868055555555556
"412","targetLabelLk",0,"l","block34",0.084375
"413","mismatch1LabelLk",50,"l","block34",0.122063149972633
"414","mismatch2LabelLk",50,"l","block34",0.107725694444444
"415","targetLabelLk",50,"l","block34",0.0660207847707848
"416","mismatch1LabelLk",100,"l","block34",0.130479867014793
"417","mismatch2LabelLk",100,"l","block34",0.0959253346806559
"418","targetLabelLk",100,"l","block34",0.118072164763341
"419","mismatch1LabelLk",150,"l","block34",0.127366383616384
"420","mismatch2LabelLk",150,"l","block34",0.102044859076109
"421","targetLabelLk",150,"l","block34",0.0783742467210209
"422","mismatch1LabelLk",200,"l","block34",0.147755089069427
"423","mismatch2LabelLk",200,"l","block34",0.099023199023199
"424","targetLabelLk",200,"l","block34",0.0759951853701854
"425","mismatch1LabelLk",250,"l","block34",0.131767031659273
"426","mismatch2LabelLk",250,"l","block34",0.0963934026893586
"427","targetLabelLk",250,"l","block34",0.113012584196661
"428","mismatch1LabelLk",300,"l","block34",0.117058404558405
"429","mismatch2LabelLk",300,"l","block34",0.109378006253006
"430","targetLabelLk",300,"l","block34",0.104464516964517
"431","mismatch1LabelLk",350,"l","block34",0.133935594657577
"432","mismatch2LabelLk",350,"l","block34",0.0932126322751323
"433","targetLabelLk",350,"l","block34",0.0944817634472807
"434","mismatch1LabelLk",400,"l","block34",0.159484510587452
"435","mismatch2LabelLk",400,"l","block34",0.0643229166666667
"436","targetLabelLk",400,"l","block34",0.135400496154173
"437","mismatch1LabelLk",450,"l","block34",0.163793975972285
"438","mismatch2LabelLk",450,"l","block34",0.071494708994709
"439","targetLabelLk",450,"l","block34",0.123687302111015
"440","mismatch1LabelLk",500,"l","block34",0.167201013987067
"441","mismatch2LabelLk",500,"l","block34",0.0673916361416361
"442","targetLabelLk",500,"l","block34",0.121880728270078
"443","mismatch1LabelLk",550,"l","block34",0.140493095548243
"444","mismatch2LabelLk",550,"l","block34",0.0835274100899101
"445","targetLabelLk",550,"l","block34",0.121431808931809
"446","mismatch1LabelLk",600,"l","block34",0.141856329264417
"447","mismatch2LabelLk",600,"l","block34",0.0686030982905983
"448","targetLabelLk",600,"l","block34",0.179523977180227
"449","mismatch1LabelLk",650,"l","block34",0.112092265033441
"450","mismatch2LabelLk",650,"l","block34",0.0585249377528789
"451","targetLabelLk",650,"l","block34",0.294420673280967
"452","mismatch1LabelLk",700,"l","block34",0.0628871667619733
"453","mismatch2LabelLk",700,"l","block34",0.0711154738292896
"454","targetLabelLk",700,"l","block34",0.379415826351295
"455","mismatch1LabelLk",750,"l","block34",0.0531182033494652
"456","mismatch2LabelLk",750,"l","block34",0.040640407046657
"457","targetLabelLk",750,"l","block34",0.459824501687346
"458","mismatch1LabelLk",800,"l","block34",0.0248151539394798
"459","mismatch2LabelLk",800,"l","block34",0.0245098039215686
"460","targetLabelLk",800,"l","block34",0.492808105342592
"461","mismatch1LabelLk",850,"l","block34",0.0242973872496899
"462","mismatch2LabelLk",850,"l","block34",0.0187364718614719
"463","targetLabelLk",850,"l","block34",0.476546444844142
"464","mismatch1LabelLk",900,"l","block34",0.0302427488089253
"465","mismatch2LabelLk",900,"l","block34",0.02182296529723
"466","targetLabelLk",900,"l","block34",0.505766353744295
"467","mismatch1LabelLk",950,"l","block34",0.0230146011396011
"468","mismatch2LabelLk",950,"l","block34",0.0224817104872252
"469","targetLabelLk",950,"l","block34",0.506132298733402
"470","mismatch1LabelLk",1000,"l","block34",0.0115451388888889
"471","mismatch2LabelLk",1000,"l","block34",0.0268753815628816
"472","targetLabelLk",1000,"l","block34",0.528348272098272
"473","mismatch1LabelLk",1050,"l","block34",0.0222948347948348
"474","mismatch2LabelLk",1050,"l","block34",0.0254095441595442
"475","targetLabelLk",1050,"l","block34",0.53757124745028
"476","mismatch1LabelLk",1100,"l","block34",0.0236353923853924
"477","mismatch2LabelLk",1100,"l","block34",0.0145179473304473
"478","targetLabelLk",1100,"l","block34",0.4846303002553
"479","mismatch1LabelLk",1150,"l","block34",0.0199737762237762
"480","mismatch2LabelLk",1150,"l","block34",0.0240074502023031
"481","targetLabelLk",1150,"l","block34",0.501843904325522
"482","mismatch1LabelLk",1200,"l","block34",0.0126196311858077
"483","mismatch2LabelLk",1200,"l","block34",0.0237869769119769
"484","targetLabelLk",1200,"l","block34",0.53755817007418
"485","mismatch1LabelLk",1250,"l","block34",0.0159220987345987
"486","mismatch2LabelLk",1250,"l","block34",0.0153512286324786
"487","targetLabelLk",1250,"l","block34",0.54071765652648
"488","mismatch1LabelLk",1300,"l","block34",0.0167089854589855
"489","mismatch2LabelLk",1300,"l","block34",0.0145833333333333
"490","targetLabelLk",1300,"l","block34",0.501225279350279
"491","mismatch1LabelLk",1350,"l","block34",0.0180239898989899
"492","mismatch2LabelLk",1350,"l","block34",0.0246212121212121
"493","targetLabelLk",1350,"l","block34",0.515605998939332
"494","mismatch1LabelLk",1400,"l","block34",0.01171875
"495","mismatch2LabelLk",1400,"l","block34",0.0150106837606838
"496","targetLabelLk",1400,"l","block34",0.541297909266659
"497","mismatch1LabelLk",1450,"l","block34",0.025
"498","mismatch2LabelLk",1450,"l","block34",0.0133928571428571
"499","targetLabelLk",1450,"l","block34",0.529648919753086
"500","mismatch1LabelLk",1500,"l","block34",0
"501","mismatch2LabelLk",1500,"l","block34",0.25
"502","targetLabelLk",1500,"l","block34",0.625
"503","mismatch1LabelLk",1550,"l","block34",0
"504","mismatch2LabelLk",1550,"l","block34",0
"505","targetLabelLk",1550,"l","block34",1
"506","ControlOneFoilLk",0,"control","block56",0.109697420634921
"507","targetLabelLk",0,"control","block56",0.110168650793651
"508","ControlOneFoilLk",50,"control","block56",0.123627802473584
"509","targetLabelLk",50,"control","block56",0.108824264687268
"510","ControlOneFoilLk",100,"control","block56",0.1121439425891
"511","targetLabelLk",100,"control","block56",0.112661478185441
"512","ControlOneFoilLk",150,"control","block56",0.102054514705724
"513","targetLabelLk",150,"control","block56",0.0951880314279508
"514","ControlOneFoilLk",200,"control","block56",0.109749759680035
"515","targetLabelLk",200,"control","block56",0.125020046217428
"516","ControlOneFoilLk",250,"control","block56",0.113682517949991
"517","targetLabelLk",250,"control","block56",0.131312021794707
"518","ControlOneFoilLk",300,"control","block56",0.118633520594691
"519","targetLabelLk",300,"control","block56",0.117060100569826
"520","ControlOneFoilLk",350,"control","block56",0.0999612849103799
"521","targetLabelLk",350,"control","block56",0.132102838261779
"522","ControlOneFoilLk",400,"control","block56",0.120813130550498
"523","targetLabelLk",400,"control","block56",0.107564528512527
"524","ControlOneFoilLk",450,"control","block56",0.115048461003602
"525","targetLabelLk",450,"control","block56",0.132033393726942
"526","ControlOneFoilLk",500,"control","block56",0.127360927833002
"527","targetLabelLk",500,"control","block56",0.101085336842232
"528","ControlOneFoilLk",550,"control","block56",0.119244380012832
"529","targetLabelLk",550,"control","block56",0.120161385442762
"530","ControlOneFoilLk",600,"control","block56",0.105853328006061
"531","targetLabelLk",600,"control","block56",0.151839609636125
"532","ControlOneFoilLk",650,"control","block56",0.0859081191251299
"533","targetLabelLk",650,"control","block56",0.262403656557693
"534","ControlOneFoilLk",700,"control","block56",0.0648082988366369
"535","targetLabelLk",700,"control","block56",0.37186729772763
"536","ControlOneFoilLk",750,"control","block56",0.0430247784283438
"537","targetLabelLk",750,"control","block56",0.446725189961609
"538","ControlOneFoilLk",800,"control","block56",0.0392474133580521
"539","targetLabelLk",800,"control","block56",0.50950549413251
"540","ControlOneFoilLk",850,"control","block56",0.0345860063011101
"541","targetLabelLk",850,"control","block56",0.479085070070185
"542","ControlOneFoilLk",900,"control","block56",0.0293497415860999
"543","targetLabelLk",900,"control","block56",0.504778557172904
"544","ControlOneFoilLk",950,"control","block56",0.0334462099182494
"545","targetLabelLk",950,"control","block56",0.557575591154345
"546","ControlOneFoilLk",1000,"control","block56",0.026250276553985
"547","targetLabelLk",1000,"control","block56",0.537837614893782
"548","ControlOneFoilLk",1050,"control","block56",0.0232562474290415
"549","targetLabelLk",1050,"control","block56",0.540139000819158
"550","ControlOneFoilLk",1100,"control","block56",0.0269732381145425
"551","targetLabelLk",1100,"control","block56",0.54838304496495
"552","ControlOneFoilLk",1150,"control","block56",0.0337074383949384
"553","targetLabelLk",1150,"control","block56",0.524030350185241
"554","ControlOneFoilLk",1200,"control","block56",0.030743561993562
"555","targetLabelLk",1200,"control","block56",0.506949348457501
"556","ControlOneFoilLk",1250,"control","block56",0.026587332755811
"557","targetLabelLk",1250,"control","block56",0.544709952498751
"558","ControlOneFoilLk",1300,"control","block56",0.0197476512014555
"559","targetLabelLk",1300,"control","block56",0.566271294958817
"560","ControlOneFoilLk",1350,"control","block56",0.0225695776646864
"561","targetLabelLk",1350,"control","block56",0.560909217846137
"562","ControlOneFoilLk",1400,"control","block56",0.0182295713545714
"563","targetLabelLk",1400,"control","block56",0.606443915788278
"564","ControlOneFoilLk",1450,"control","block56",0.016691844035594
"565","targetLabelLk",1450,"control","block56",0.597599256453423
"566","ControlOneFoilLk",1500,"control","block56",0
"567","targetLabelLk",1500,"control","block56",0.666666666666667
"568","mismatch1LabelLk",0,"h","block56",0.0846348640466287
"569","mismatch2LabelLk",0,"h","block56",0.103466032877798
"570","targetLabelLk",0,"h","block56",0.0889355742296919
"571","mismatch1LabelLk",50,"h","block56",0.0988477330909035
"572","mismatch2LabelLk",50,"h","block56",0.0991481102994051
"573","targetLabelLk",50,"h","block56",0.0938124558846631
"574","mismatch1LabelLk",100,"h","block56",0.0771796701621244
"575","mismatch2LabelLk",100,"h","block56",0.0851895742556884
"576","targetLabelLk",100,"h","block56",0.0888651795135183
"577","mismatch1LabelLk",150,"h","block56",0.0793790556945946
"578","mismatch2LabelLk",150,"h","block56",0.0814974686838256
"579","targetLabelLk",150,"h","block56",0.10867970855963
"580","mismatch1LabelLk",200,"h","block56",0.125911557413027
"581","mismatch2LabelLk",200,"h","block56",0.0976278550487373
"582","targetLabelLk",200,"h","block56",0.118569614639957
"583","mismatch1LabelLk",250,"h","block56",0.0724068519303021
"584","mismatch2LabelLk",250,"h","block56",0.0831650252006912
"585","targetLabelLk",250,"h","block56",0.171357899911651
"586","mismatch1LabelLk",300,"h","block56",0.0617755418826044
"587","mismatch2LabelLk",300,"h","block56",0.0710003814967093
"588","targetLabelLk",300,"h","block56",0.199851631313103
"589","mismatch1LabelLk",350,"h","block56",0.0982010609366037
"590","mismatch2LabelLk",350,"h","block56",0.0981426702662028
"591","targetLabelLk",350,"h","block56",0.22710955363665
"592","mismatch1LabelLk",400,"h","block56",0.091243463635018
"593","mismatch2LabelLk",400,"h","block56",0.0813893213839932
"594","targetLabelLk",400,"h","block56",0.251757804718562
"595","mismatch1LabelLk",450,"h","block56",0.103612411703949
"596","mismatch2LabelLk",450,"h","block56",0.0840832822822881
"597","targetLabelLk",450,"h","block56",0.283436350930358
"598","mismatch1LabelLk",500,"h","block56",0.0747633427421076
"599","mismatch2LabelLk",500,"h","block56",0.0797227259493974
"600","targetLabelLk",500,"h","block56",0.302232878976251
"601","mismatch1LabelLk",550,"h","block56",0.0660099515582235
"602","mismatch2LabelLk",550,"h","block56",0.0664113734583705
"603","targetLabelLk",550,"h","block56",0.317252603500147
"604","mismatch1LabelLk",600,"h","block56",0.0626447943505345
"605","mismatch2LabelLk",600,"h","block56",0.0604452483170009
"606","targetLabelLk",600,"h","block56",0.361838025108024
"607","mismatch1LabelLk",650,"h","block56",0.0524907249602358
"608","mismatch2LabelLk",650,"h","block56",0.0473221995014617
"609","targetLabelLk",650,"h","block56",0.407955789382331
"610","mismatch1LabelLk",700,"h","block56",0.0502356310440764
"611","mismatch2LabelLk",700,"h","block56",0.0376891814640473
"612","targetLabelLk",700,"h","block56",0.465830601248399
"613","mismatch1LabelLk",750,"h","block56",0.0371070021985816
"614","mismatch2LabelLk",750,"h","block56",0.0284665022098515
"615","targetLabelLk",750,"h","block56",0.513539459160046
"616","mismatch1LabelLk",800,"h","block56",0.0348470839231894
"617","mismatch2LabelLk",800,"h","block56",0.029882866863373
"618","targetLabelLk",800,"h","block56",0.526128663329494
"619","mismatch1LabelLk",850,"h","block56",0.0397671648889008
"620","mismatch2LabelLk",850,"h","block56",0.0291120810431851
"621","targetLabelLk",850,"h","block56",0.534948119391524
"622","mismatch1LabelLk",900,"h","block56",0.0251004070074279
"623","mismatch2LabelLk",900,"h","block56",0.0306282732445343
"624","targetLabelLk",900,"h","block56",0.522967604328048
"625","mismatch1LabelLk",950,"h","block56",0.0305940307157346
"626","mismatch2LabelLk",950,"h","block56",0.0243023010027375
"627","targetLabelLk",950,"h","block56",0.534871382516884
"628","mismatch1LabelLk",1000,"h","block56",0.0289507780108803
"629","mismatch2LabelLk",1000,"h","block56",0.0270024462026526
"630","targetLabelLk",1000,"h","block56",0.502530751071786
"631","mismatch1LabelLk",1050,"h","block56",0.0237979984848095
"632","mismatch2LabelLk",1050,"h","block56",0.0328882271921936
"633","targetLabelLk",1050,"h","block56",0.516618204397131
"634","mismatch1LabelLk",1100,"h","block56",0.0260426618839097
"635","mismatch2LabelLk",1100,"h","block56",0.0272472267199771
"636","targetLabelLk",1100,"h","block56",0.52018944465312
"637","mismatch1LabelLk",1150,"h","block56",0.0239648904190388
"638","mismatch2LabelLk",1150,"h","block56",0.0306384751320905
"639","targetLabelLk",1150,"h","block56",0.513952839533781
"640","mismatch1LabelLk",1200,"h","block56",0.0563010911188483
"641","mismatch2LabelLk",1200,"h","block56",0.0345297590652453
"642","targetLabelLk",1200,"h","block56",0.532359656339514
"643","mismatch1LabelLk",1250,"h","block56",0.0178849344174005
"644","mismatch2LabelLk",1250,"h","block56",0.0261093261002203
"645","targetLabelLk",1250,"h","block56",0.562181885153219
"646","mismatch1LabelLk",1300,"h","block56",0.0237583585293631
"647","mismatch2LabelLk",1300,"h","block56",0.0204437142174233
"648","targetLabelLk",1300,"h","block56",0.540515043706273
"649","mismatch1LabelLk",1350,"h","block56",0.0371938921449979
"650","mismatch2LabelLk",1350,"h","block56",0.0307667220967707
"651","targetLabelLk",1350,"h","block56",0.540044745301726
"652","mismatch1LabelLk",1400,"h","block56",0.030905246790735
"653","mismatch2LabelLk",1400,"h","block56",0.0435066927239603
"654","targetLabelLk",1400,"h","block56",0.540378980403426
"655","mismatch1LabelLk",1450,"h","block56",0.0367024587612823
"656","mismatch2LabelLk",1450,"h","block56",0.0283152577270224
"657","targetLabelLk",1450,"h","block56",0.608629986571163
"658","mismatch1LabelLk",1500,"h","block56",0
"659","mismatch2LabelLk",1500,"h","block56",0.0625
"660","targetLabelLk",1500,"h","block56",0.744791666666667
"661","mismatch1LabelLk",1550,"h","block56",0
"662","mismatch2LabelLk",1550,"h","block56",0
"663","targetLabelLk",1550,"h","block56",1
"664","mismatch1LabelLk",1800,"h","block56",0
"665","mismatch2LabelLk",1800,"h","block56",0
"666","targetLabelLk",1800,"h","block56",1
"667","mismatch1LabelLk",0,"l","block56",0.0625
"668","mismatch2LabelLk",0,"l","block56",0.0729166666666667
"669","targetLabelLk",0,"l","block56",0.0763888888888889
"670","mismatch1LabelLk",50,"l","block56",0.0805555555555555
"671","mismatch2LabelLk",50,"l","block56",0.0738185425685426
"672","targetLabelLk",50,"l","block56",0.0705605158730159
"673","mismatch1LabelLk",100,"l","block56",0.0682821807821808
"674","mismatch2LabelLk",100,"l","block56",0.0987936223133592
"675","targetLabelLk",100,"l","block56",0.0859018874643875
"676","mismatch1LabelLk",150,"l","block56",0.090431556138793
"677","mismatch2LabelLk",150,"l","block56",0.0917110088985089
"678","targetLabelLk",150,"l","block56",0.0621234668109668
"679","mismatch1LabelLk",200,"l","block56",0.0839748214748215
"680","mismatch2LabelLk",200,"l","block56",0.083543771043771
"681","targetLabelLk",200,"l","block56",0.0605850168350168
"682","mismatch1LabelLk",250,"l","block56",0.114662577346401
"683","mismatch2LabelLk",250,"l","block56",0.0826058201058201
"684","targetLabelLk",250,"l","block56",0.0909242650051474
"685","mismatch1LabelLk",300,"l","block56",0.10039855977356
"686","mismatch2LabelLk",300,"l","block56",0.0906720594220594
"687","targetLabelLk",300,"l","block56",0.0976476648351648
"688","mismatch1LabelLk",350,"l","block56",0.107964713663243
"689","mismatch2LabelLk",350,"l","block56",0.079697875653758
"690","targetLabelLk",350,"l","block56",0.11270985958486
"691","mismatch1LabelLk",400,"l","block56",0.104035143097643
"692","mismatch2LabelLk",400,"l","block56",0.0633297258297258
"693","targetLabelLk",400,"l","block56",0.13827358983609
"694","mismatch1LabelLk",450,"l","block56",0.125685769518006
"695","mismatch2LabelLk",450,"l","block56",0.102346578251184
"696","targetLabelLk",450,"l","block56",0.120340307840308
"697","mismatch1LabelLk",500,"l","block56",0.118390555522908
"698","mismatch2LabelLk",500,"l","block56",0.0783618750530515
"699","targetLabelLk",500,"l","block56",0.183032663823105
"700","mismatch1LabelLk",550,"l","block56",0.0955868783993784
"701","mismatch2LabelLk",550,"l","block56",0.0876412938912939
"702","targetLabelLk",550,"l","block56",0.171149857087357
"703","mismatch1LabelLk",600,"l","block56",0.112307654577391
"704","mismatch2LabelLk",600,"l","block56",0.071768278018278
"705","targetLabelLk",600,"l","block56",0.232009739164344
"706","mismatch1LabelLk",650,"l","block56",0.0911101812417602
"707","mismatch2LabelLk",650,"l","block56",0.0649894087394087
"708","targetLabelLk",650,"l","block56",0.272769898838978
"709","mismatch1LabelLk",700,"l","block56",0.0749747377020984
"710","mismatch2LabelLk",700,"l","block56",0.0534406565656566
"711","targetLabelLk",700,"l","block56",0.376655776713826
"712","mismatch1LabelLk",750,"l","block56",0.076109559908902
"713","mismatch2LabelLk",750,"l","block56",0.0468253968253968
"714","targetLabelLk",750,"l","block56",0.431429343682633
"715","mismatch1LabelLk",800,"l","block56",0.0274733946608947
"716","mismatch2LabelLk",800,"l","block56",0.0424107142857143
"717","targetLabelLk",800,"l","block56",0.480986548174048
"718","mismatch1LabelLk",850,"l","block56",0.009375
"719","mismatch2LabelLk",850,"l","block56",0.0166005291005291
"720","targetLabelLk",850,"l","block56",0.530520320501938
"721","mismatch1LabelLk",900,"l","block56",0.0214781746031746
"722","mismatch2LabelLk",900,"l","block56",0.0275090939153439
"723","targetLabelLk",900,"l","block56",0.542466127622378
"724","mismatch1LabelLk",950,"l","block56",0.0265801039238539
"725","mismatch2LabelLk",950,"l","block56",0.039380787037037
"726","targetLabelLk",950,"l","block56",0.562225505975506
"727","mismatch1LabelLk",1000,"l","block56",0.0371515059015059
"728","mismatch2LabelLk",1000,"l","block56",0.034601393976394
"729","targetLabelLk",1000,"l","block56",0.550213270525771
"730","mismatch1LabelLk",1050,"l","block56",0.0196403133903134
"731","mismatch2LabelLk",1050,"l","block56",0.0126116071428571
"732","targetLabelLk",1050,"l","block56",0.508732211075961
"733","mismatch1LabelLk",1100,"l","block56",0.0213789682539683
"734","mismatch2LabelLk",1100,"l","block56",0.0334528318903319
"735","targetLabelLk",1100,"l","block56",0.46147374037999
"736","mismatch1LabelLk",1150,"l","block56",0.0147005772005772
"737","mismatch2LabelLk",1150,"l","block56",0.055982905982906
"738","targetLabelLk",1150,"l","block56",0.458212362077494
"739","mismatch1LabelLk",1200,"l","block56",0.0240109427609428
"740","mismatch2LabelLk",1200,"l","block56",0.0558849715099715
"741","targetLabelLk",1200,"l","block56",0.500209512709513
"742","mismatch1LabelLk",1250,"l","block56",0.0179743867243867
"743","mismatch2LabelLk",1250,"l","block56",0.0102693602693603
"744","targetLabelLk",1250,"l","block56",0.547476250601251
"745","mismatch1LabelLk",1300,"l","block56",0.0145502645502645
"746","mismatch2LabelLk",1300,"l","block56",0.0262731481481481
"747","targetLabelLk",1300,"l","block56",0.567354607198357
"748","mismatch1LabelLk",1350,"l","block56",0.0284647065897066
"749","mismatch2LabelLk",1350,"l","block56",0.0167824074074074
"750","targetLabelLk",1350,"l","block56",0.543931878306878
"751","mismatch1LabelLk",1400,"l","block56",0.00744949494949495
"752","mismatch2LabelLk",1400,"l","block56",0.00397727272727273
"753","targetLabelLk",1400,"l","block56",0.587395474895475
"754","mismatch1LabelLk",1450,"l","block56",0.00595238095238095
"755","mismatch2LabelLk",1450,"l","block56",0
"756","targetLabelLk",1450,"l","block56",0.654489087301587
"757","mismatch1LabelLk",1500,"l","block56",0
"758","mismatch2LabelLk",1500,"l","block56",0
"759","targetLabelLk",1500,"l","block56",0.8
