task,subjID,trial,resp,labelPresented,frequency,list,acc
2AFC Generalization,3688464,1,wug,wug,high,9,1
2AFC Generalization,3688464,2,bim,bim,control,9,1
2AFC Generalization,3688464,3,bim,bim,control,9,1
2AFC Generalization,3688464,4,tob,tob,high,9,1
2AFC Generalization,3688464,5,tob,wug,low,9,0
2AFC Generalization,3688464,6,wug,tob,high,9,0
2AFC Generalization,3688464,7,wug,wug,low,9,1
2AFC Generalization,3688464,8,tob,tob,low,9,1
2AFC Generalization,3688464,9,bim,bim,control,9,1
2AFC Generalization,3688464,10,wug,tob,high,9,0
2AFC Generalization,3688464,11,tob,tob,low,9,1
2AFC Generalization,3688464,12,tob,wug,low,9,0
2AFC Generalization,3688464,13,wug,wug,low,9,1
2AFC Generalization,3688464,14,wug,tob,high,9,0
2AFC Generalization,3688464,15,bim,bim,control,9,1
2AFC Generalization,3688464,16,bim,bim,control,9,1
2AFC Generalization,3688464,17,bim,bim,control,9,1
2AFC Generalization,3688464,18,tob,tob,high,9,1
2AFC Generalization,3688464,19,tob,wug,low,9,0
2AFC Generalization,3688464,20,wug,tob,high,9,0
2AFC Generalization,3688464,21,wug,wug,high,9,1
2AFC Generalization,3688464,22,tob,tob,high,9,1
2AFC Generalization,3688464,23,wug,wug,high,9,1
2AFC Generalization,3688464,24,wug,wug,low,9,1
2AFC Generalization,3688464,25,tob,tob,high,9,1
2AFC Generalization,3688464,26,tob,tob,low,9,1
2AFC Generalization,3688464,27,tob,tob,high,9,1
2AFC Generalization,3688464,28,wug,wug,low,9,1
2AFC Generalization,3688464,29,wug,wug,high,9,1
2AFC Generalization,3688464,30,wug,wug,high,9,1
2AFC Generalization,3688464,31,tob,tob,low,9,1
2AFC Generalization,3688464,32,wug,wug,high,9,1
2AFC Generalization,3688464,33,tob,tob,low,9,1
2AFC Generalization,3688464,34,tob,wug,high,9,0
2AFC Generalization,3688464,35,wug,wug,low,9,1
2AFC Generalization,3688464,36,bim,bim,control,9,1
2AFC Generalization,3688464,37,wug,tob,low,9,0
2AFC Generalization,3688464,38,tob,tob,low,9,1
2AFC Generalization,3688464,39,bim,bim,control,9,1
2AFC Generalization,3688464,40,wug,wug,low,9,1
2AFC Generalization,3688464,41,wug,tob,high,9,0
2AFC Generalization,3688464,42,tob,tob,low,9,1
2AFC Generalization,3688464,43,tob,wug,high,9,0
2AFC Generalization,3688464,44,tob,wug,high,9,0
2AFC Generalization,3688464,45,tob,tob,low,9,1
2AFC Generalization,3688464,46,tob,wug,low,9,0
2AFC Generalization,3688464,47,wug,tob,low,9,0
2AFC Generalization,3688464,48,wug,wug,high,9,1
2AFC Generalization,3690782,1,bim,bim,control,5,1
2AFC Generalization,3690782,2,bim,bim,control,5,1
2AFC Generalization,3690782,3,wug,wug,high,5,1
2AFC Generalization,3690782,4,tob,wug,low,5,0
2AFC Generalization,3690782,5,tob,tob,high,5,1
2AFC Generalization,3690782,6,wug,tob,low,5,0
2AFC Generalization,3690782,7,wug,tob,high,5,0
2AFC Generalization,3690782,8,wug,tob,high,5,0
2AFC Generalization,3690782,9,tob,tob,low,5,1
2AFC Generalization,3690782,10,wug,wug,low,5,1
2AFC Generalization,3690782,11,tob,tob,low,5,1
2AFC Generalization,3690782,12,tob,tob,high,5,1
2AFC Generalization,3690782,13,wug,tob,low,5,0
2AFC Generalization,3690782,14,wug,wug,high,5,1
2AFC Generalization,3690782,15,wug,wug,low,5,1
2AFC Generalization,3690782,16,bim,bim,control,5,1
2AFC Generalization,3690782,17,bim,bim,control,5,1
2AFC Generalization,3690782,18,wug,wug,low,5,1
2AFC Generalization,3690782,19,tob,tob,high,5,1
2AFC Generalization,3690782,20,wug,tob,high,5,0
2AFC Generalization,3690782,21,bim,bim,control,5,1
2AFC Generalization,3690782,22,bim,bim,control,5,1
2AFC Generalization,3690782,23,bim,bim,control,5,1
2AFC Generalization,3690782,24,wug,wug,high,5,1
2AFC Generalization,3690782,25,tob,tob,low,5,1
2AFC Generalization,3690782,26,wug,tob,high,5,0
2AFC Generalization,3690782,27,tob,tob,low,5,1
2AFC Generalization,3690782,28,wug,tob,high,5,0
2AFC Generalization,3690782,29,tob,wug,high,5,0
2AFC Generalization,3690782,30,wug,wug,high,5,1
2AFC Generalization,3690782,31,tob,tob,low,5,1
2AFC Generalization,3690782,32,wug,tob,low,5,0
2AFC Generalization,3690782,33,tob,wug,low,5,0
2AFC Generalization,3690782,34,wug,tob,high,5,0
2AFC Generalization,3690782,35,tob,wug,low,5,0
2AFC Generalization,3690782,36,wug,wug,low,5,1
2AFC Generalization,3690782,37,tob,tob,low,5,1
2AFC Generalization,3690782,38,bim,bim,control,5,1
2AFC Generalization,3690782,39,wug,wug,low,5,1
2AFC Generalization,3690782,40,tob,wug,high,5,0
2AFC Generalization,3690782,41,wug,wug,high,5,1
2AFC Generalization,3690782,42,tob,tob,high,5,1
2AFC Generalization,3690782,43,wug,wug,low,5,1
2AFC Generalization,3690782,44,tob,wug,high,5,0
2AFC Generalization,3690782,45,wug,wug,high,5,1
2AFC Generalization,3690782,46,tob,tob,low,5,1
2AFC Generalization,3690782,47,tob,wug,high,5,0
2AFC Generalization,3690782,48,tob,wug,low,5,0
2AFC Generalization,3690866,1,tob,tob,high,1,1
2AFC Generalization,3690866,2,wug,wug,high,1,1
2AFC Generalization,3690866,3,tob,tob,low,1,1
2AFC Generalization,3690866,4,bim,bim,control,1,1
2AFC Generalization,3690866,5,bim,bim,control,1,1
2AFC Generalization,3690866,6,wug,wug,high,1,1
2AFC Generalization,3690866,7,bim,bim,control,1,1
2AFC Generalization,3690866,8,bim,bim,control,1,1
2AFC Generalization,3690866,9,bim,bim,control,1,1
2AFC Generalization,3690866,10,tob,wug,low,1,0
2AFC Generalization,3690866,11,tob,wug,low,1,0
2AFC Generalization,3690866,12,tob,wug,low,1,0
2AFC Generalization,3690866,13,tob,tob,low,1,1
2AFC Generalization,3690866,14,wug,wug,high,1,1
2AFC Generalization,3690866,15,tob,wug,low,1,0
2AFC Generalization,3690866,16,tob,wug,low,1,0
2AFC Generalization,3690866,17,tob,wug,low,1,0
2AFC Generalization,3690866,18,tob,tob,high,1,1
2AFC Generalization,3690866,19,tob,tob,high,1,1
2AFC Generalization,3690866,20,wug,wug,high,1,1
2AFC Generalization,3690866,21,bim,tob,low,1,0
2AFC Generalization,3690866,22,tob,tob,high,1,1
2AFC Generalization,3690866,23,tob,wug,low,1,0
2AFC Generalization,3690866,24,bim,bim,control,1,1
2AFC Generalization,3690866,25,wug,wug,high,1,1
2AFC Generalization,3690866,26,wug,wug,high,1,1
2AFC Generalization,3690866,27,tob,wug,low,1,0
2AFC Generalization,3690866,28,wug,wug,high,1,1
2AFC Generalization,3690866,29,tob,tob,high,1,1
2AFC Generalization,3690866,30,wug,tob,low,1,0
2AFC Generalization,3690866,31,tob,wug,low,1,0
2AFC Generalization,3690866,32,tob,tob,low,1,1
2AFC Generalization,3690866,33,bim,bim,control,1,1
2AFC Generalization,3690866,34,wug,tob,low,1,0
2AFC Generalization,3690866,35,tob,tob,high,1,1
2AFC Generalization,3690866,36,tob,tob,low,1,1
2AFC Generalization,3690866,37,NA,tob,low,1,NA
2AFC Generalization,3690866,38,tob,tob,high,1,1
2AFC Generalization,3690866,39,tob,tob,high,1,1
2AFC Generalization,3690866,40,tob,wug,low,1,0
2AFC Generalization,3690866,41,bim,bim,control,1,1
2AFC Generalization,3690866,42,wug,tob,low,1,0
2AFC Generalization,3690866,43,tob,tob,low,1,1
2AFC Generalization,3690866,44,wug,wug,high,1,1
2AFC Generalization,3690866,45,tob,tob,high,1,1
2AFC Generalization,3690866,46,wug,wug,high,1,1
2AFC Generalization,3690866,47,wug,wug,high,1,1
2AFC Generalization,3690866,48,tob,tob,high,1,1
2AFC Generalization,3691681,1,tob,tob,low,10,1
2AFC Generalization,3691681,2,tob,tob,low,10,1
2AFC Generalization,3691681,3,tob,tob,low,10,1
2AFC Generalization,3691681,4,wug,tob,high,10,0
2AFC Generalization,3691681,5,wug,wug,low,10,1
2AFC Generalization,3691681,6,wug,wug,low,10,1
2AFC Generalization,3691681,7,tob,wug,high,10,0
2AFC Generalization,3691681,8,bim,bim,control,10,1
2AFC Generalization,3691681,9,wug,wug,high,10,1
2AFC Generalization,3691681,10,wug,tob,high,10,0
2AFC Generalization,3691681,11,wug,tob,low,10,0
2AFC Generalization,3691681,12,tob,tob,low,10,1
2AFC Generalization,3691681,13,bim,bim,control,10,1
2AFC Generalization,3691681,14,wug,tob,high,10,0
2AFC Generalization,3691681,15,tob,tob,high,10,1
2AFC Generalization,3691681,16,tob,wug,high,10,0
2AFC Generalization,3691681,17,wug,wug,low,10,1
2AFC Generalization,3691681,18,wug,tob,low,10,0
2AFC Generalization,3691681,19,wug,wug,low,10,1
2AFC Generalization,3691681,20,tob,wug,high,10,0
2AFC Generalization,3691681,21,tob,wug,high,10,0
2AFC Generalization,3691681,22,wug,wug,low,10,1
2AFC Generalization,3691681,23,tob,tob,low,10,1
2AFC Generalization,3691681,24,tob,wug,high,10,0
2AFC Generalization,3691681,25,tob,wug,high,10,0
2AFC Generalization,3691681,26,tob,wug,high,10,0
2AFC Generalization,3691681,27,bim,bim,control,10,1
2AFC Generalization,3691681,28,wug,tob,high,10,0
2AFC Generalization,3691681,29,wug,wug,low,10,1
2AFC Generalization,3691681,30,tob,tob,high,10,1
2AFC Generalization,3691681,31,tob,tob,low,10,1
2AFC Generalization,3691681,32,tob,wug,low,10,0
2AFC Generalization,3691681,33,bim,bim,control,10,1
2AFC Generalization,3691681,34,tob,tob,high,10,1
2AFC Generalization,3691681,35,tob,wug,low,10,0
2AFC Generalization,3691681,36,tob,tob,high,10,1
2AFC Generalization,3691681,37,tob,wug,high,10,0
2AFC Generalization,3691681,38,wug,wug,low,10,1
2AFC Generalization,3691681,39,bim,bim,control,10,1
2AFC Generalization,3691681,40,wug,wug,low,10,1
2AFC Generalization,3691681,41,tob,wug,high,10,0
2AFC Generalization,3691681,42,tob,tob,high,10,1
2AFC Generalization,3691681,43,tob,tob,low,10,1
2AFC Generalization,3691681,44,bim,bim,control,10,1
2AFC Generalization,3691681,45,bim,bim,control,10,1
2AFC Generalization,3691681,46,bim,bim,control,10,1
2AFC Generalization,3691681,47,tob,tob,low,10,1
2AFC Generalization,3691681,48,tob,tob,high,10,1
2AFC Generalization,3690856,1,NA,tob,high,2,NA
2AFC Generalization,3690856,2,bim,bim,control,2,1
2AFC Generalization,3690856,3,tob,wug,high,2,0
2AFC Generalization,3690856,4,tob,wug,high,2,0
2AFC Generalization,3690856,5,bim,bim,control,2,1
2AFC Generalization,3690856,6,wug,wug,low,2,1
2AFC Generalization,3690856,7,tob,tob,high,2,1
2AFC Generalization,3690856,8,tob,tob,low,2,1
2AFC Generalization,3690856,9,bim,bim,control,2,1
2AFC Generalization,3690856,10,wug,tob,high,2,0
2AFC Generalization,3690856,11,tob,tob,low,2,1
2AFC Generalization,3690856,12,tob,tob,low,2,1
2AFC Generalization,3690856,13,bim,bim,control,2,1
2AFC Generalization,3690856,14,tob,tob,low,2,1
2AFC Generalization,3690856,15,bim,tob,high,2,0
2AFC Generalization,3690856,16,tob,wug,low,2,0
2AFC Generalization,3690856,17,tob,wug,low,2,0
2AFC Generalization,3690856,18,tob,wug,high,2,0
2AFC Generalization,3690856,19,wug,tob,high,2,0
2AFC Generalization,3690856,20,tob,tob,low,2,1
2AFC Generalization,3690856,21,tob,wug,high,2,0
2AFC Generalization,3690856,22,tob,wug,high,2,0
2AFC Generalization,3690856,23,wug,tob,high,2,0
2AFC Generalization,3690856,24,bim,bim,control,2,1
2AFC Generalization,3690856,25,tob,tob,low,2,1
2AFC Generalization,3690856,26,tob,tob,high,2,1
2AFC Generalization,3690856,27,tob,wug,high,2,0
2AFC Generalization,3690856,28,tob,wug,low,2,0
2AFC Generalization,3690856,29,tob,tob,high,2,1
2AFC Generalization,3690856,30,wug,wug,low,2,1
2AFC Generalization,3690856,31,tob,wug,high,2,0
2AFC Generalization,3690856,32,wug,wug,high,2,1
2AFC Generalization,3690856,33,tob,tob,low,2,1
2AFC Generalization,3690856,34,bim,bim,control,2,1
2AFC Generalization,3690856,35,bim,bim,control,2,1
2AFC Generalization,3690856,36,tob,wug,low,2,0
2AFC Generalization,3690856,37,tob,tob,low,2,1
2AFC Generalization,3690856,38,tob,tob,low,2,1
2AFC Generalization,3690856,39,bim,bim,control,2,1
2AFC Generalization,3690856,40,tob,tob,high,2,1
2AFC Generalization,3690856,41,tob,wug,high,2,0
2AFC Generalization,3690856,42,tob,tob,high,2,1
2AFC Generalization,3690856,43,tob,wug,high,2,0
2AFC Generalization,3690856,44,tob,wug,low,2,0
2AFC Generalization,3690856,45,tob,wug,low,2,0
2AFC Generalization,3690856,46,wug,wug,low,2,1
2AFC Generalization,3690856,47,tob,tob,low,2,1
2AFC Generalization,3690856,48,tob,wug,low,2,0
2AFC Generalization,3690787,1,wug,tob,low,8,0
2AFC Generalization,3690787,2,wug,tob,high,8,0
2AFC Generalization,3690787,3,wug,wug,high,8,1
2AFC Generalization,3690787,4,tob,wug,low,8,0
2AFC Generalization,3690787,5,wug,tob,low,8,0
2AFC Generalization,3690787,6,bim,bim,control,8,1
2AFC Generalization,3690787,7,wug,wug,low,8,1
2AFC Generalization,3690787,8,wug,wug,high,8,1
2AFC Generalization,3690787,9,wug,wug,low,8,1
2AFC Generalization,3690787,10,wug,wug,low,8,1
2AFC Generalization,3690787,11,wug,wug,low,8,1
2AFC Generalization,3690787,12,tob,tob,high,8,1
2AFC Generalization,3690787,13,tob,tob,low,8,1
2AFC Generalization,3690787,14,tob,tob,high,8,1
2AFC Generalization,3690787,15,bim,bim,control,8,1
2AFC Generalization,3690787,16,wug,tob,low,8,0
2AFC Generalization,3690787,17,bim,bim,control,8,1
2AFC Generalization,3690787,18,wug,wug,high,8,1
2AFC Generalization,3690787,19,wug,tob,low,8,0
2AFC Generalization,3690787,20,tob,wug,high,8,0
2AFC Generalization,3690787,21,tob,tob,high,8,1
2AFC Generalization,3690787,22,tob,wug,high,8,0
2AFC Generalization,3690787,23,wug,wug,low,8,1
2AFC Generalization,3690787,24,wug,tob,high,8,0
2AFC Generalization,3690787,25,wug,tob,high,8,0
2AFC Generalization,3690787,26,tob,wug,low,8,0
2AFC Generalization,3690787,27,wug,tob,high,8,0
2AFC Generalization,3690787,28,bim,bim,control,8,1
2AFC Generalization,3690787,29,wug,wug,low,8,1
2AFC Generalization,3690787,30,wug,tob,low,8,0
2AFC Generalization,3690787,31,wug,wug,high,8,1
2AFC Generalization,3690787,32,tob,tob,high,8,1
2AFC Generalization,3690787,33,wug,wug,low,8,1
2AFC Generalization,3690787,34,wug,wug,low,8,1
2AFC Generalization,3690787,35,wug,wug,high,8,1
2AFC Generalization,3690787,36,wug,tob,low,8,0
2AFC Generalization,3690787,37,wug,tob,low,8,0
2AFC Generalization,3690787,38,bim,bim,control,8,1
2AFC Generalization,3690787,39,tob,wug,high,8,0
2AFC Generalization,3690787,40,tob,tob,high,8,1
2AFC Generalization,3690787,41,wug,wug,high,8,1
2AFC Generalization,3690787,42,bim,bim,control,8,1
2AFC Generalization,3690787,43,tob,tob,high,8,1
2AFC Generalization,3690787,44,wug,tob,low,8,0
2AFC Generalization,3690787,45,wug,wug,high,8,1
2AFC Generalization,3690787,46,bim,bim,control,8,1
2AFC Generalization,3690787,47,bim,bim,control,8,1
2AFC Generalization,3690787,48,wug,tob,low,8,0
2AFC Generalization,3690817,1,tob,tob,high,4,1
2AFC Generalization,3690817,2,wug,wug,high,4,1
2AFC Generalization,3690817,3,bim,bim,control,4,1
2AFC Generalization,3690817,4,tob,wug,low,4,0
2AFC Generalization,3690817,5,bim,bim,control,4,1
2AFC Generalization,3690817,6,bim,bim,control,4,1
2AFC Generalization,3690817,7,tob,wug,low,4,0
2AFC Generalization,3690817,8,bim,bim,control,4,1
2AFC Generalization,3690817,9,tob,wug,low,4,0
2AFC Generalization,3690817,10,NA,wug,low,4,NA
2AFC Generalization,3690817,11,wug,tob,high,4,0
2AFC Generalization,3690817,12,bim,bim,control,4,1
2AFC Generalization,3690817,13,bim,bim,control,4,1
2AFC Generalization,3690817,14,wug,tob,high,4,0
2AFC Generalization,3690817,15,wug,wug,high,4,1
2AFC Generalization,3690817,16,wug,tob,low,4,0
2AFC Generalization,3690817,17,wug,tob,high,4,0
2AFC Generalization,3690817,18,wug,tob,low,4,0
2AFC Generalization,3690817,19,wug,tob,low,4,0
2AFC Generalization,3690817,20,tob,tob,high,4,1
2AFC Generalization,3690817,21,wug,wug,high,4,1
2AFC Generalization,3690817,22,wug,tob,low,4,0
2AFC Generalization,3690817,23,tob,wug,low,4,0
2AFC Generalization,3690817,24,tob,tob,high,4,1
2AFC Generalization,3690817,25,wug,tob,low,4,0
2AFC Generalization,3690817,26,wug,tob,low,4,0
2AFC Generalization,3690817,27,tob,tob,high,4,1
2AFC Generalization,3690817,28,tob,tob,high,4,1
2AFC Generalization,3690817,29,tob,wug,low,4,0
2AFC Generalization,3690817,30,wug,tob,low,4,0
2AFC Generalization,3690817,31,wug,wug,high,4,1
2AFC Generalization,3690817,32,bim,bim,control,4,1
2AFC Generalization,3690817,33,wug,wug,high,4,1
2AFC Generalization,3690817,34,tob,wug,low,4,0
2AFC Generalization,3690817,35,wug,tob,low,4,0
2AFC Generalization,3690817,36,bim,bim,control,4,1
2AFC Generalization,3690817,37,wug,wug,high,4,1
2AFC Generalization,3690817,38,tob,tob,high,4,1
2AFC Generalization,3690817,39,wug,wug,high,4,1
2AFC Generalization,3690817,40,tob,tob,high,4,1
2AFC Generalization,3690817,41,wug,wug,high,4,1
2AFC Generalization,3690817,42,wug,wug,high,4,1
2AFC Generalization,3690817,43,tob,wug,low,4,0
2AFC Generalization,3690817,44,tob,wug,low,4,0
2AFC Generalization,3690817,45,tob,tob,low,4,1
2AFC Generalization,3690817,46,wug,wug,high,4,1
2AFC Generalization,3690817,47,wug,tob,low,4,0
2AFC Generalization,3690817,48,tob,wug,low,4,0
2AFC Generalization,3691738,1,tob,tob,low,6,1
2AFC Generalization,3691738,2,tob,tob,low,6,1
2AFC Generalization,3691738,3,tob,tob,low,6,1
2AFC Generalization,3691738,4,tob,tob,high,6,1
2AFC Generalization,3691738,5,tob,tob,high,6,1
2AFC Generalization,3691738,6,tob,tob,high,6,1
2AFC Generalization,3691738,7,wug,wug,high,6,1
2AFC Generalization,3691738,8,wug,wug,high,6,1
2AFC Generalization,3691738,9,NA,wug,low,6,NA
2AFC Generalization,3691738,10,tob,tob,low,6,1
2AFC Generalization,3691738,11,bim,wug,low,6,0
2AFC Generalization,3691738,12,tob,wug,high,6,0
2AFC Generalization,3691738,13,wug,wug,high,6,1
2AFC Generalization,3691738,14,tob,tob,low,6,1
2AFC Generalization,3691738,15,tob,tob,high,6,1
2AFC Generalization,3691738,16,wug,wug,low,6,1
2AFC Generalization,3691738,17,tob,tob,low,6,1
2AFC Generalization,3691738,18,wug,wug,high,6,1
2AFC Generalization,3691738,19,tob,tob,high,6,1
2AFC Generalization,3691738,20,bim,bim,control,6,1
2AFC Generalization,3691738,21,wug,wug,low,6,1
2AFC Generalization,3691738,22,wug,wug,low,6,1
2AFC Generalization,3691738,23,tob,tob,low,6,1
2AFC Generalization,3691738,24,tob,tob,high,6,1
2AFC Generalization,3691738,25,bim,bim,control,6,1
2AFC Generalization,3691738,26,wug,wug,high,6,1
2AFC Generalization,3691738,27,wug,wug,high,6,1
2AFC Generalization,3691738,28,wug,wug,low,6,1
2AFC Generalization,3691738,29,bim,bim,control,6,1
2AFC Generalization,3691738,30,bim,bim,control,6,1
2AFC Generalization,3691738,31,wug,wug,high,6,1
2AFC Generalization,3691738,32,tob,tob,low,6,1
2AFC Generalization,3691738,33,wug,wug,low,6,1
2AFC Generalization,3691738,34,wug,wug,low,6,1
2AFC Generalization,3691738,35,bim,bim,control,6,1
2AFC Generalization,3691738,36,tob,tob,high,6,1
2AFC Generalization,3691738,37,tob,tob,high,6,1
2AFC Generalization,3691738,38,wug,wug,low,6,1
2AFC Generalization,3691738,39,wug,wug,low,6,1
2AFC Generalization,3691738,40,tob,tob,high,6,1
2AFC Generalization,3691738,41,bim,bim,control,6,1
2AFC Generalization,3691738,42,tob,tob,high,6,1
2AFC Generalization,3691738,43,bim,bim,control,6,1
2AFC Generalization,3691738,44,bim,bim,control,6,1
2AFC Generalization,3691738,45,wug,tob,low,6,0
2AFC Generalization,3691738,46,wug,wug,high,6,1
2AFC Generalization,3691738,47,tob,tob,low,6,1
2AFC Generalization,3691738,48,wug,wug,high,6,1
2AFC Generalization,3689090,1,bim,bim,control,3,1
2AFC Generalization,3689090,2,bim,bim,control,3,1
2AFC Generalization,3689090,3,bim,bim,control,3,1
2AFC Generalization,3689090,4,NA,tob,high,3,NA
2AFC Generalization,3689090,5,wug,tob,low,3,0
2AFC Generalization,3689090,6,tob,tob,high,3,1
2AFC Generalization,3689090,7,wug,tob,high,3,0
2AFC Generalization,3689090,8,bim,bim,control,3,1
2AFC Generalization,3689090,9,wug,tob,high,3,0
2AFC Generalization,3689090,10,wug,wug,high,3,1
2AFC Generalization,3689090,11,wug,tob,high,3,0
2AFC Generalization,3689090,12,bim,bim,control,3,1
2AFC Generalization,3689090,13,wug,tob,high,3,0
2AFC Generalization,3689090,14,tob,wug,high,3,0
2AFC Generalization,3689090,15,tob,tob,low,3,1
2AFC Generalization,3689090,16,wug,wug,high,3,1
2AFC Generalization,3689090,17,wug,tob,low,3,0
2AFC Generalization,3689090,18,wug,tob,low,3,0
2AFC Generalization,3689090,19,bim,bim,control,3,1
2AFC Generalization,3689090,20,tob,wug,high,3,0
2AFC Generalization,3689090,21,tob,wug,low,3,0
2AFC Generalization,3689090,22,tob,wug,low,3,0
2AFC Generalization,3689090,23,tob,wug,low,3,0
2AFC Generalization,3689090,24,tob,wug,low,3,0
2AFC Generalization,3689090,25,tob,wug,low,3,0
2AFC Generalization,3689090,26,wug,wug,high,3,1
2AFC Generalization,3689090,27,tob,wug,low,3,0
2AFC Generalization,3689090,28,wug,tob,high,3,0
2AFC Generalization,3689090,29,tob,tob,low,3,1
2AFC Generalization,3689090,30,wug,wug,high,3,1
2AFC Generalization,3689090,31,wug,wug,high,3,1
2AFC Generalization,3689090,32,bim,bim,control,3,1
2AFC Generalization,3689090,33,tob,wug,low,3,0
2AFC Generalization,3689090,34,tob,tob,low,3,1
2AFC Generalization,3689090,35,wug,tob,low,3,0
2AFC Generalization,3689090,36,wug,tob,high,3,0
2AFC Generalization,3689090,37,wug,wug,high,3,1
2AFC Generalization,3689090,38,tob,wug,low,3,0
2AFC Generalization,3689090,39,tob,wug,low,3,0
2AFC Generalization,3689090,40,wug,tob,low,3,0
2AFC Generalization,3689090,41,bim,bim,control,3,1
2AFC Generalization,3689090,42,wug,wug,high,3,1
2AFC Generalization,3689090,43,wug,tob,high,3,0
2AFC Generalization,3689090,44,wug,tob,low,3,0
2AFC Generalization,3689090,45,wug,wug,high,3,1
2AFC Generalization,3689090,46,tob,wug,low,3,0
2AFC Generalization,3689090,47,tob,tob,high,3,1
2AFC Generalization,3689090,48,wug,tob,low,3,0
2AFC Generalization,3701702,1,wug,wug,high,3,1
2AFC Generalization,3701702,2,bim,bim,control,3,1
2AFC Generalization,3701702,3,wug,tob,low,3,0
2AFC Generalization,3701702,4,tob,tob,high,3,1
2AFC Generalization,3701702,5,wug,tob,low,3,0
2AFC Generalization,3701702,6,wug,wug,low,3,1
2AFC Generalization,3701702,7,bim,bim,control,3,1
2AFC Generalization,3701702,8,tob,tob,high,3,1
2AFC Generalization,3701702,9,tob,wug,low,3,0
2AFC Generalization,3701702,10,tob,wug,high,3,0
2AFC Generalization,3701702,11,tob,tob,high,3,1
2AFC Generalization,3701702,12,wug,wug,low,3,1
2AFC Generalization,3701702,13,wug,wug,high,3,1
2AFC Generalization,3701702,14,tob,tob,high,3,1
2AFC Generalization,3701702,15,wug,wug,high,3,1
2AFC Generalization,3701702,16,wug,wug,high,3,1
2AFC Generalization,3701702,17,tob,wug,high,3,0
2AFC Generalization,3701702,18,tob,tob,high,3,1
2AFC Generalization,3701702,19,wug,wug,high,3,1
2AFC Generalization,3701702,20,tob,wug,low,3,0
2AFC Generalization,3701702,21,tob,tob,high,3,1
2AFC Generalization,3701702,22,wug,wug,low,3,1
2AFC Generalization,3701702,23,tob,wug,low,3,0
2AFC Generalization,3701702,24,tob,tob,high,3,1
2AFC Generalization,3701702,25,bim,bim,control,3,1
2AFC Generalization,3701702,26,wug,tob,low,3,0
2AFC Generalization,3701702,27,bim,bim,control,3,1
2AFC Generalization,3701702,28,wug,tob,low,3,0
2AFC Generalization,3701702,29,bim,bim,control,3,1
2AFC Generalization,3701702,30,wug,wug,high,3,1
2AFC Generalization,3701702,31,wug,tob,high,3,0
2AFC Generalization,3701702,32,tob,wug,low,3,0
2AFC Generalization,3701702,33,wug,tob,low,3,0
2AFC Generalization,3701702,34,bim,bim,control,3,1
2AFC Generalization,3701702,35,tob,wug,low,3,0
2AFC Generalization,3701702,36,bim,bim,control,3,1
2AFC Generalization,3701702,37,wug,tob,low,3,0
2AFC Generalization,3701702,38,tob,tob,low,3,1
2AFC Generalization,3701702,39,wug,wug,low,3,1
2AFC Generalization,3701702,40,wug,wug,high,3,1
2AFC Generalization,3701702,41,wug,wug,high,3,1
2AFC Generalization,3701702,42,wug,tob,low,3,0
2AFC Generalization,3701702,43,wug,tob,high,3,0
2AFC Generalization,3701702,44,wug,tob,low,3,0
2AFC Generalization,3701702,45,bim,bim,control,3,1
2AFC Generalization,3701702,46,wug,tob,low,3,0
2AFC Generalization,3701702,47,tob,tob,high,3,1
2AFC Generalization,3701702,48,tob,wug,low,3,0
2AFC Generalization,3747210,1,wug,wug,low,5,1
2AFC Generalization,3747210,2,bim,wug,low,5,0
2AFC Generalization,3747210,3,wug,tob,low,5,0
2AFC Generalization,3747210,4,tob,wug,high,5,0
2AFC Generalization,3747210,5,bim,wug,high,5,0
2AFC Generalization,3747210,6,tob,wug,low,5,0
2AFC Generalization,3747210,7,wug,wug,high,5,1
2AFC Generalization,3747210,8,bim,tob,low,5,0
2AFC Generalization,3747210,9,wug,tob,low,5,0
2AFC Generalization,3747210,10,tob,wug,low,5,0
2AFC Generalization,3747210,11,bim,bim,control,5,1
2AFC Generalization,3747210,12,wug,wug,high,5,1
2AFC Generalization,3747210,13,tob,tob,high,5,1
2AFC Generalization,3747210,14,bim,wug,low,5,0
2AFC Generalization,3747210,15,wug,wug,high,5,1
2AFC Generalization,3747210,16,bim,tob,high,5,0
2AFC Generalization,3747210,17,tob,wug,low,5,0
2AFC Generalization,3747210,18,bim,wug,high,5,0
2AFC Generalization,3747210,19,tob,bim,control,5,0
2AFC Generalization,3747210,20,wug,tob,high,5,0
2AFC Generalization,3747210,21,bim,tob,low,5,0
2AFC Generalization,3747210,22,wug,tob,low,5,0
2AFC Generalization,3747210,23,tob,tob,low,5,1
2AFC Generalization,3747210,24,bim,wug,low,5,0
2AFC Generalization,3747210,25,tob,tob,high,5,1
2AFC Generalization,3747210,26,wug,bim,control,5,0
2AFC Generalization,3747210,27,bim,wug,high,5,0
2AFC Generalization,3747210,28,tob,bim,control,5,0
2AFC Generalization,3747210,29,bim,tob,low,5,0
2AFC Generalization,3747210,30,bim,bim,control,5,1
2AFC Generalization,3747210,31,tob,wug,high,5,0
2AFC Generalization,3747210,32,wug,tob,high,5,0
2AFC Generalization,3747210,33,bim,bim,control,5,1
2AFC Generalization,3747210,34,tob,wug,low,5,0
2AFC Generalization,3747210,35,bim,tob,low,5,0
2AFC Generalization,3747210,36,wug,wug,low,5,1
2AFC Generalization,3747210,37,wug,wug,low,5,1
2AFC Generalization,3747210,38,bim,bim,control,5,1
2AFC Generalization,3747210,39,wug,tob,high,5,0
2AFC Generalization,3747210,40,wug,wug,high,5,1
2AFC Generalization,3747210,41,tob,tob,low,5,1
2AFC Generalization,3747210,42,bim,wug,high,5,0
2AFC Generalization,3747210,43,wug,bim,control,5,0
2AFC Generalization,3747210,44,wug,tob,high,5,0
2AFC Generalization,3747210,45,bim,tob,high,5,0
2AFC Generalization,3747210,46,tob,tob,high,5,1
2AFC Generalization,3747210,47,bim,tob,low,5,0
2AFC Generalization,3747210,48,tob,tob,high,5,1
2AFC Generalization,3747265,1,bim,bim,control,7,1
2AFC Generalization,3747265,2,bim,bim,control,7,1
2AFC Generalization,3747265,3,wug,tob,low,7,0
2AFC Generalization,3747265,4,wug,wug,low,7,1
2AFC Generalization,3747265,5,tob,tob,high,7,1
2AFC Generalization,3747265,6,tob,tob,high,7,1
2AFC Generalization,3747265,7,NA,tob,low,7,NA
2AFC Generalization,3747265,8,wug,wug,high,7,1
2AFC Generalization,3747265,9,tob,tob,high,7,1
2AFC Generalization,3747265,10,wug,wug,high,7,1
2AFC Generalization,3747265,11,tob,tob,high,7,1
2AFC Generalization,3747265,12,wug,wug,high,7,1
2AFC Generalization,3747265,13,tob,tob,high,7,1
2AFC Generalization,3747265,14,wug,wug,low,7,1
2AFC Generalization,3747265,15,wug,wug,high,7,1
2AFC Generalization,3747265,16,wug,tob,low,7,0
2AFC Generalization,3747265,17,wug,wug,high,7,1
2AFC Generalization,3747265,18,wug,tob,low,7,0
2AFC Generalization,3747265,19,wug,wug,low,7,1
2AFC Generalization,3747265,20,wug,tob,low,7,0
2AFC Generalization,3747265,21,wug,wug,low,7,1
2AFC Generalization,3747265,22,tob,tob,high,7,1
2AFC Generalization,3747265,23,wug,tob,low,7,0
2AFC Generalization,3747265,24,wug,wug,low,7,1
2AFC Generalization,3747265,25,tob,tob,high,7,1
2AFC Generalization,3747265,26,bim,bim,control,7,1
2AFC Generalization,3747265,27,bim,bim,control,7,1
2AFC Generalization,3747265,28,bim,bim,control,7,1
2AFC Generalization,3747265,29,tob,tob,high,7,1
2AFC Generalization,3747265,30,wug,tob,low,7,0
2AFC Generalization,3747265,31,bim,bim,control,7,1
2AFC Generalization,3747265,32,wug,wug,low,7,1
2AFC Generalization,3747265,33,wug,wug,low,7,1
2AFC Generalization,3747265,34,wug,tob,low,7,0
2AFC Generalization,3747265,35,wug,tob,low,7,0
2AFC Generalization,3747265,36,bim,bim,control,7,1
2AFC Generalization,3747265,37,wug,tob,low,7,0
2AFC Generalization,3747265,38,wug,wug,low,7,1
2AFC Generalization,3747265,39,wug,wug,high,7,1
2AFC Generalization,3747265,40,wug,wug,high,7,1
2AFC Generalization,3747265,41,wug,wug,high,7,1
2AFC Generalization,3747265,42,wug,wug,high,7,1
2AFC Generalization,3747265,43,wug,wug,low,7,1
2AFC Generalization,3747265,44,wug,wug,high,7,1
2AFC Generalization,3747265,45,bim,bim,control,7,1
2AFC Generalization,3747265,46,wug,wug,low,7,1
2AFC Generalization,3747265,47,tob,tob,high,7,1
2AFC Generalization,3747265,48,tob,tob,high,7,1
2AFC Generalization,3747200,1,wug,tob,low,1,0
2AFC Generalization,3747200,2,tob,tob,high,1,1
2AFC Generalization,3747200,3,wug,tob,low,1,0
2AFC Generalization,3747200,4,wug,wug,high,1,1
2AFC Generalization,3747200,5,wug,wug,high,1,1
2AFC Generalization,3747200,6,bim,bim,control,1,1
2AFC Generalization,3747200,7,wug,wug,high,1,1
2AFC Generalization,3747200,8,wug,wug,high,1,1
2AFC Generalization,3747200,9,wug,tob,low,1,0
2AFC Generalization,3747200,10,wug,wug,high,1,1
2AFC Generalization,3747200,11,wug,tob,low,1,0
2AFC Generalization,3747200,12,tob,tob,high,1,1
2AFC Generalization,3747200,13,wug,wug,high,1,1
2AFC Generalization,3747200,14,tob,wug,low,1,0
2AFC Generalization,3747200,15,wug,wug,high,1,1
2AFC Generalization,3747200,16,wug,tob,low,1,0
2AFC Generalization,3747200,17,tob,wug,low,1,0
2AFC Generalization,3747200,18,tob,wug,low,1,0
2AFC Generalization,3747200,19,wug,wug,high,1,1
2AFC Generalization,3747200,20,bim,bim,control,1,1
2AFC Generalization,3747200,21,bim,bim,control,1,1
2AFC Generalization,3747200,22,tob,tob,high,1,1
2AFC Generalization,3747200,23,tob,wug,low,1,0
2AFC Generalization,3747200,24,tob,wug,low,1,0
2AFC Generalization,3747200,25,bim,bim,control,1,1
2AFC Generalization,3747200,26,bim,bim,control,1,1
2AFC Generalization,3747200,27,tob,wug,low,1,0
2AFC Generalization,3747200,28,wug,tob,low,1,0
2AFC Generalization,3747200,29,bim,bim,control,1,1
2AFC Generalization,3747200,30,tob,wug,low,1,0
2AFC Generalization,3747200,31,wug,wug,high,1,1
2AFC Generalization,3747200,32,tob,tob,high,1,1
2AFC Generalization,3747200,33,bim,bim,control,1,1
2AFC Generalization,3747200,34,tob,tob,high,1,1
2AFC Generalization,3747200,35,wug,wug,high,1,1
2AFC Generalization,3747200,36,tob,tob,high,1,1
2AFC Generalization,3747200,37,tob,wug,low,1,0
2AFC Generalization,3747200,38,tob,wug,low,1,0
2AFC Generalization,3747200,39,tob,tob,high,1,1
2AFC Generalization,3747200,40,wug,tob,low,1,0
2AFC Generalization,3747200,41,tob,tob,high,1,1
2AFC Generalization,3747200,42,bim,bim,control,1,1
2AFC Generalization,3747200,43,tob,wug,low,1,0
2AFC Generalization,3747200,44,wug,tob,low,1,0
2AFC Generalization,3747200,45,tob,tob,high,1,1
2AFC Generalization,3747200,46,wug,tob,low,1,0
2AFC Generalization,3747200,47,wug,tob,low,1,0
2AFC Generalization,3747200,48,tob,tob,high,1,1
2AFC Generalization,3752844,1,wug,wug,low,10,1
2AFC Generalization,3752844,2,bim,tob,low,10,0
2AFC Generalization,3752844,3,bim,wug,high,10,0
2AFC Generalization,3752844,4,bim,wug,high,10,0
2AFC Generalization,3752844,5,tob,bim,control,10,0
2AFC Generalization,3752844,6,wug,wug,low,10,1
2AFC Generalization,3752844,7,tob,bim,control,10,0
2AFC Generalization,3752844,8,wug,wug,low,10,1
2AFC Generalization,3752844,9,bim,tob,low,10,0
2AFC Generalization,3752844,10,tob,bim,control,10,0
2AFC Generalization,3752844,11,wug,wug,low,10,1
2AFC Generalization,3752844,12,wug,tob,high,10,0
2AFC Generalization,3752844,13,wug,tob,high,10,0
2AFC Generalization,3752844,14,wug,wug,low,10,1
2AFC Generalization,3752844,15,wug,tob,high,10,0
2AFC Generalization,3752844,16,bim,tob,low,10,0
2AFC Generalization,3752844,17,bim,tob,low,10,0
2AFC Generalization,3752844,18,bim,wug,high,10,0
2AFC Generalization,3752844,19,bim,wug,high,10,0
2AFC Generalization,3752844,20,tob,bim,control,10,0
2AFC Generalization,3752844,21,bim,tob,low,10,0
2AFC Generalization,3752844,22,bim,wug,high,10,0
2AFC Generalization,3752844,23,wug,tob,high,10,0
2AFC Generalization,3752844,24,wug,wug,low,10,1
2AFC Generalization,3752844,25,wug,tob,high,10,0
2AFC Generalization,3752844,26,tob,bim,control,10,0
2AFC Generalization,3752844,27,wug,tob,high,10,0
2AFC Generalization,3752844,28,wug,tob,high,10,0
2AFC Generalization,3752844,29,bim,tob,low,10,0
2AFC Generalization,3752844,30,bim,wug,high,10,0
2AFC Generalization,3752844,31,wug,wug,low,10,1
2AFC Generalization,3752844,32,bim,tob,low,10,0
2AFC Generalization,3752844,33,wug,tob,high,10,0
2AFC Generalization,3752844,34,tob,bim,control,10,0
2AFC Generalization,3752844,35,wug,tob,high,10,0
2AFC Generalization,3752844,36,bim,wug,high,10,0
2AFC Generalization,3752844,37,bim,wug,high,10,0
2AFC Generalization,3752844,38,bim,wug,high,10,0
2AFC Generalization,3752844,39,tob,bim,control,10,0
2AFC Generalization,3752844,40,bim,tob,low,10,0
2AFC Generalization,3752844,41,wug,wug,low,10,1
2AFC Generalization,3752844,42,bim,wug,high,10,0
2AFC Generalization,3752844,43,tob,bim,control,10,0
2AFC Generalization,3752844,44,wug,wug,low,10,1
2AFC Generalization,3752844,45,wug,wug,low,10,1
2AFC Generalization,3752844,46,bim,tob,low,10,0
2AFC Generalization,3752844,47,bim,tob,low,10,0
2AFC Generalization,3752844,48,wug,tob,high,10,0
2AFC Generalization,3747136,1,wug,wug,low,2,1
2AFC Generalization,3747136,2,wug,wug,high,2,1
2AFC Generalization,3747136,3,wug,tob,high,2,0
2AFC Generalization,3747136,4,wug,tob,low,2,0
2AFC Generalization,3747136,5,bim,tob,high,2,0
2AFC Generalization,3747136,6,bim,tob,low,2,0
2AFC Generalization,3747136,7,wug,wug,high,2,1
2AFC Generalization,3747136,8,tob,wug,low,2,0
2AFC Generalization,3747136,9,wug,wug,low,2,1
2AFC Generalization,3747136,10,bim,bim,control,2,1
2AFC Generalization,3747136,11,tob,tob,high,2,1
2AFC Generalization,3747136,12,wug,tob,high,2,0
2AFC Generalization,3747136,13,wug,wug,low,2,1
2AFC Generalization,3747136,14,wug,tob,low,2,0
2AFC Generalization,3747136,15,tob,tob,low,2,1
2AFC Generalization,3747136,16,wug,wug,low,2,1
2AFC Generalization,3747136,17,bim,bim,control,2,1
2AFC Generalization,3747136,18,tob,wug,low,2,0
2AFC Generalization,3747136,19,bim,bim,control,2,1
2AFC Generalization,3747136,20,wug,wug,low,2,1
2AFC Generalization,3747136,21,tob,tob,low,2,1
2AFC Generalization,3747136,22,bim,bim,control,2,1
2AFC Generalization,3747136,23,wug,wug,high,2,1
2AFC Generalization,3747136,24,tob,wug,high,2,0
2AFC Generalization,3747136,25,wug,wug,high,2,1
2AFC Generalization,3747136,26,bim,bim,control,2,1
2AFC Generalization,3747136,27,wug,wug,high,2,1
2AFC Generalization,3747136,28,tob,wug,high,2,0
2AFC Generalization,3747136,29,bim,bim,control,2,1
2AFC Generalization,3747136,30,wug,tob,high,2,0
2AFC Generalization,3747136,31,tob,tob,low,2,1
2AFC Generalization,3747136,32,wug,tob,high,2,0
2AFC Generalization,3747136,33,bim,bim,control,2,1
2AFC Generalization,3747136,34,wug,wug,low,2,1
2AFC Generalization,3747136,35,wug,tob,high,2,0
2AFC Generalization,3747136,36,wug,wug,low,2,1
2AFC Generalization,3747136,37,bim,bim,control,2,1
2AFC Generalization,3747136,38,tob,tob,low,2,1
2AFC Generalization,3747136,39,wug,tob,low,2,0
2AFC Generalization,3747136,40,wug,tob,low,2,0
2AFC Generalization,3747136,41,tob,wug,high,2,0
2AFC Generalization,3747136,42,wug,wug,low,2,1
2AFC Generalization,3747136,43,wug,tob,high,2,0
2AFC Generalization,3747136,44,tob,wug,high,2,0
2AFC Generalization,3747136,45,tob,tob,high,2,1
2AFC Generalization,3747136,46,wug,tob,low,2,0
2AFC Generalization,3747136,47,wug,tob,high,2,0
2AFC Generalization,3747136,48,tob,wug,high,2,0
2AFC Generalization,3753046,1,NA,tob,low,2,NA
2AFC Generalization,3753046,2,bim,bim,control,2,1
2AFC Generalization,3753046,3,bim,bim,control,2,1
2AFC Generalization,3753046,4,wug,tob,low,2,0
2AFC Generalization,3753046,5,wug,tob,high,2,0
2AFC Generalization,3753046,6,wug,wug,low,2,1
2AFC Generalization,3753046,7,wug,tob,high,2,0
2AFC Generalization,3753046,8,bim,bim,control,2,1
2AFC Generalization,3753046,9,tob,wug,high,2,0
2AFC Generalization,3753046,10,wug,wug,low,2,1
2AFC Generalization,3753046,11,tob,tob,low,2,1
2AFC Generalization,3753046,12,wug,tob,high,2,0
2AFC Generalization,3753046,13,tob,wug,high,2,0
2AFC Generalization,3753046,14,tob,wug,high,2,0
2AFC Generalization,3753046,15,tob,wug,high,2,0
2AFC Generalization,3753046,16,tob,tob,low,2,1
2AFC Generalization,3753046,17,wug,wug,low,2,1
2AFC Generalization,3753046,18,wug,wug,low,2,1
2AFC Generalization,3753046,19,wug,wug,low,2,1
2AFC Generalization,3753046,20,tob,wug,high,2,0
2AFC Generalization,3753046,21,wug,tob,high,2,0
2AFC Generalization,3753046,22,tob,tob,low,2,1
2AFC Generalization,3753046,23,bim,bim,control,2,1
2AFC Generalization,3753046,24,wug,tob,high,2,0
2AFC Generalization,3753046,25,wug,tob,high,2,0
2AFC Generalization,3753046,26,wug,wug,low,2,1
2AFC Generalization,3753046,27,wug,tob,high,2,0
2AFC Generalization,3753046,28,tob,tob,low,2,1
2AFC Generalization,3753046,29,wug,tob,high,2,0
2AFC Generalization,3753046,30,tob,tob,low,2,1
2AFC Generalization,3753046,31,tob,wug,high,2,0
2AFC Generalization,3753046,32,wug,wug,low,2,1
2AFC Generalization,3753046,33,tob,tob,low,2,1
2AFC Generalization,3753046,34,tob,wug,high,2,0
2AFC Generalization,3753046,35,wug,wug,low,2,1
2AFC Generalization,3753046,36,wug,tob,high,2,0
2AFC Generalization,3753046,37,bim,bim,control,2,1
2AFC Generalization,3753046,38,bim,bim,control,2,1
2AFC Generalization,3753046,39,tob,wug,high,2,0
2AFC Generalization,3753046,40,tob,tob,low,2,1
2AFC Generalization,3753046,41,wug,tob,high,2,0
2AFC Generalization,3753046,42,bim,bim,control,2,1
2AFC Generalization,3753046,43,wug,wug,low,2,1
2AFC Generalization,3753046,44,wug,wug,low,2,1
2AFC Generalization,3753046,45,tob,tob,low,2,1
2AFC Generalization,3753046,46,bim,bim,control,2,1
2AFC Generalization,3753046,47,wug,wug,high,2,1
2AFC Generalization,3753046,48,tob,wug,high,2,0
2AFC Generalization,3747172,1,bim,bim,control,8,1
2AFC Generalization,3747172,2,tob,tob,low,8,1
2AFC Generalization,3747172,3,bim,bim,control,8,1
2AFC Generalization,3747172,4,tob,tob,low,8,1
2AFC Generalization,3747172,5,wug,wug,low,8,1
2AFC Generalization,3747172,6,tob,tob,high,8,1
2AFC Generalization,3747172,7,tob,tob,high,8,1
2AFC Generalization,3747172,8,bim,bim,control,8,1
2AFC Generalization,3747172,9,wug,tob,low,8,0
2AFC Generalization,3747172,10,tob,tob,high,8,1
2AFC Generalization,3747172,11,wug,wug,high,8,1
2AFC Generalization,3747172,12,wug,wug,high,8,1
2AFC Generalization,3747172,13,tob,tob,low,8,1
2AFC Generalization,3747172,14,tob,tob,high,8,1
2AFC Generalization,3747172,15,bim,bim,control,8,1
2AFC Generalization,3747172,16,tob,wug,low,8,0
2AFC Generalization,3747172,17,bim,bim,control,8,1
2AFC Generalization,3747172,18,NA,tob,low,8,NA
2AFC Generalization,3747172,19,tob,wug,low,8,0
2AFC Generalization,3747172,20,tob,tob,high,8,1
2AFC Generalization,3747172,21,tob,wug,low,8,0
2AFC Generalization,3747172,22,tob,tob,high,8,1
2AFC Generalization,3747172,23,tob,wug,high,8,0
2AFC Generalization,3747172,24,tob,wug,low,8,0
2AFC Generalization,3747172,25,bim,bim,control,8,1
2AFC Generalization,3747172,26,tob,wug,low,8,0
2AFC Generalization,3747172,27,wug,wug,low,8,1
2AFC Generalization,3747172,28,tob,wug,low,8,0
2AFC Generalization,3747172,29,tob,tob,high,8,1
2AFC Generalization,3747172,30,tob,wug,high,8,0
2AFC Generalization,3747172,31,tob,wug,low,8,0
2AFC Generalization,3747172,32,wug,wug,high,8,1
2AFC Generalization,3747172,33,tob,tob,low,8,1
2AFC Generalization,3747172,34,tob,wug,high,8,0
2AFC Generalization,3747172,35,wug,tob,low,8,0
2AFC Generalization,3747172,36,tob,tob,high,8,1
2AFC Generalization,3747172,37,wug,tob,low,8,0
2AFC Generalization,3747172,38,tob,tob,low,8,1
2AFC Generalization,3747172,39,wug,tob,high,8,0
2AFC Generalization,3747172,40,wug,wug,high,8,1
2AFC Generalization,3747172,41,bim,bim,control,8,1
2AFC Generalization,3747172,42,tob,tob,high,8,1
2AFC Generalization,3747172,43,bim,bim,control,8,1
2AFC Generalization,3747172,44,tob,wug,low,8,0
2AFC Generalization,3747172,45,tob,wug,high,8,0
2AFC Generalization,3747172,46,tob,wug,high,8,0
2AFC Generalization,3747172,47,tob,tob,low,8,1
2AFC Generalization,3747172,48,tob,wug,high,8,0
2AFC Generalization,3747181,1,wug,tob,high,9,0
2AFC Generalization,3747181,2,tob,tob,low,9,1
2AFC Generalization,3747181,3,NA,wug,low,9,NA
2AFC Generalization,3747181,4,bim,bim,control,9,1
2AFC Generalization,3747181,5,wug,tob,high,9,0
2AFC Generalization,3747181,6,wug,wug,low,9,1
2AFC Generalization,3747181,7,bim,bim,control,9,1
2AFC Generalization,3747181,8,tob,wug,high,9,0
2AFC Generalization,3747181,9,tob,tob,high,9,1
2AFC Generalization,3747181,10,wug,wug,low,9,1
2AFC Generalization,3747181,11,tob,wug,high,9,0
2AFC Generalization,3747181,12,wug,wug,low,9,1
2AFC Generalization,3747181,13,wug,tob,low,9,0
2AFC Generalization,3747181,14,tob,wug,high,9,0
2AFC Generalization,3747181,15,bim,bim,control,9,1
2AFC Generalization,3747181,16,tob,tob,high,9,1
2AFC Generalization,3747181,17,tob,wug,high,9,0
2AFC Generalization,3747181,18,wug,tob,low,9,0
2AFC Generalization,3747181,19,wug,tob,low,9,0
2AFC Generalization,3747181,20,bim,bim,control,9,1
2AFC Generalization,3747181,21,wug,tob,low,9,0
2AFC Generalization,3747181,22,tob,tob,high,9,1
2AFC Generalization,3747181,23,tob,wug,high,9,0
2AFC Generalization,3747181,24,bim,bim,control,9,1
2AFC Generalization,3747181,25,NA,tob,high,9,NA
2AFC Generalization,3747181,26,tob,wug,high,9,0
2AFC Generalization,3747181,27,tob,tob,high,9,1
2AFC Generalization,3747181,28,tob,tob,high,9,1
2AFC Generalization,3747181,29,wug,wug,low,9,1
2AFC Generalization,3747181,30,bim,bim,control,9,1
2AFC Generalization,3747181,31,tob,tob,high,9,1
2AFC Generalization,3747181,32,bim,bim,control,9,1
2AFC Generalization,3747181,33,wug,tob,low,9,0
2AFC Generalization,3747181,34,tob,wug,high,9,0
2AFC Generalization,3747181,35,wug,tob,low,9,0
2AFC Generalization,3747181,36,wug,wug,low,9,1
2AFC Generalization,3747181,37,wug,tob,low,9,0
2AFC Generalization,3747181,38,tob,wug,high,9,0
2AFC Generalization,3747181,39,bim,bim,control,9,1
2AFC Generalization,3747181,40,wug,wug,low,9,1
2AFC Generalization,3747181,41,tob,wug,high,9,0
2AFC Generalization,3747181,42,tob,tob,high,9,1
2AFC Generalization,3747181,43,NA,wug,low,9,NA
2AFC Generalization,3747181,44,wug,tob,low,9,0
2AFC Generalization,3747181,45,tob,wug,high,9,0
2AFC Generalization,3747181,46,wug,tob,low,9,0
2AFC Generalization,3747181,47,wug,wug,low,9,1
2AFC Generalization,3747181,48,wug,wug,low,9,1
2AFC Generalization,3749036,1,NA,wug,high,9,NA
2AFC Generalization,3749036,2,bim,bim,control,9,1
2AFC Generalization,3749036,3,wug,wug,low,9,1
2AFC Generalization,3749036,4,wug,wug,high,9,1
2AFC Generalization,3749036,5,wug,tob,low,9,0
2AFC Generalization,3749036,6,tob,tob,low,9,1
2AFC Generalization,3749036,7,wug,wug,high,9,1
2AFC Generalization,3749036,8,tob,tob,low,9,1
2AFC Generalization,3749036,9,wug,tob,high,9,0
2AFC Generalization,3749036,10,wug,tob,low,9,0
2AFC Generalization,3749036,11,tob,wug,low,9,0
2AFC Generalization,3749036,12,wug,tob,low,9,0
2AFC Generalization,3749036,13,tob,tob,low,9,1
2AFC Generalization,3749036,14,bim,bim,control,9,1
2AFC Generalization,3749036,15,wug,tob,high,9,0
2AFC Generalization,3749036,16,wug,wug,high,9,1
2AFC Generalization,3749036,17,bim,wug,low,9,0
2AFC Generalization,3749036,18,wug,tob,high,9,0
2AFC Generalization,3749036,19,wug,tob,low,9,0
2AFC Generalization,3749036,20,wug,tob,high,9,0
2AFC Generalization,3749036,21,bim,bim,control,9,1
2AFC Generalization,3749036,22,wug,tob,low,9,0
2AFC Generalization,3749036,23,tob,wug,high,9,0
2AFC Generalization,3749036,24,tob,wug,high,9,0
2AFC Generalization,3749036,25,bim,bim,control,9,1
2AFC Generalization,3749036,26,wug,wug,low,9,1
2AFC Generalization,3749036,27,wug,wug,low,9,1
2AFC Generalization,3749036,28,tob,wug,high,9,0
2AFC Generalization,3749036,29,wug,wug,low,9,1
2AFC Generalization,3749036,30,tob,wug,high,9,0
2AFC Generalization,3749036,31,tob,wug,high,9,0
2AFC Generalization,3749036,32,wug,tob,high,9,0
2AFC Generalization,3749036,33,bim,bim,control,9,1
2AFC Generalization,3749036,34,bim,bim,control,9,1
2AFC Generalization,3749036,35,wug,tob,high,9,0
2AFC Generalization,3749036,36,wug,tob,high,9,0
2AFC Generalization,3749036,37,bim,bim,control,9,1
2AFC Generalization,3749036,38,wug,tob,high,9,0
2AFC Generalization,3749036,39,wug,tob,high,9,0
2AFC Generalization,3749036,40,wug,tob,high,9,0
2AFC Generalization,3749036,41,wug,wug,low,9,1
2AFC Generalization,3749036,42,wug,wug,low,9,1
2AFC Generalization,3749036,43,tob,tob,low,9,1
2AFC Generalization,3749036,44,tob,wug,high,9,0
2AFC Generalization,3749036,45,wug,tob,low,9,0
2AFC Generalization,3749036,46,bim,bim,control,9,1
2AFC Generalization,3749036,47,tob,wug,low,9,0
2AFC Generalization,3749036,48,wug,wug,low,9,1
2AFC Generalization,3748094,1,tob,wug,high,6,0
2AFC Generalization,3748094,2,wug,tob,low,6,0
2AFC Generalization,3748094,3,tob,wug,low,6,0
2AFC Generalization,3748094,4,tob,wug,low,6,0
2AFC Generalization,3748094,5,tob,wug,low,6,0
2AFC Generalization,3748094,6,tob,tob,low,6,1
2AFC Generalization,3748094,7,tob,wug,low,6,0
2AFC Generalization,3748094,8,wug,tob,high,6,0
2AFC Generalization,3748094,9,bim,bim,control,6,1
2AFC Generalization,3748094,10,wug,tob,low,6,0
2AFC Generalization,3748094,11,wug,wug,high,6,1
2AFC Generalization,3748094,12,wug,wug,low,6,1
2AFC Generalization,3748094,13,wug,tob,high,6,0
2AFC Generalization,3748094,14,tob,tob,high,6,1
2AFC Generalization,3748094,15,bim,bim,control,6,1
2AFC Generalization,3748094,16,bim,bim,control,6,1
2AFC Generalization,3748094,17,wug,wug,high,6,1
2AFC Generalization,3748094,18,tob,tob,high,6,1
2AFC Generalization,3748094,19,wug,tob,low,6,0
2AFC Generalization,3748094,20,tob,tob,high,6,1
2AFC Generalization,3748094,21,tob,tob,high,6,1
2AFC Generalization,3748094,22,tob,wug,low,6,0
2AFC Generalization,3748094,23,wug,wug,high,6,1
2AFC Generalization,3748094,24,wug,wug,low,6,1
2AFC Generalization,3748094,25,tob,tob,low,6,1
2AFC Generalization,3748094,26,bim,bim,control,6,1
2AFC Generalization,3748094,27,wug,tob,low,6,0
2AFC Generalization,3748094,28,tob,tob,high,6,1
2AFC Generalization,3748094,29,bim,bim,control,6,1
2AFC Generalization,3748094,30,wug,wug,low,6,1
2AFC Generalization,3748094,31,tob,wug,high,6,0
2AFC Generalization,3748094,32,wug,wug,high,6,1
2AFC Generalization,3748094,33,wug,tob,high,6,0
2AFC Generalization,3748094,34,wug,tob,high,6,0
2AFC Generalization,3748094,35,tob,wug,high,6,0
2AFC Generalization,3748094,36,tob,tob,high,6,1
2AFC Generalization,3748094,37,wug,wug,high,6,1
2AFC Generalization,3748094,38,wug,tob,low,6,0
2AFC Generalization,3748094,39,wug,wug,high,6,1
2AFC Generalization,3748094,40,tob,wug,low,6,0
2AFC Generalization,3748094,41,bim,bim,control,6,1
2AFC Generalization,3748094,42,bim,bim,control,6,1
2AFC Generalization,3748094,43,wug,tob,low,6,0
2AFC Generalization,3748094,44,wug,tob,low,6,0
2AFC Generalization,3748094,45,bim,bim,control,6,1
2AFC Generalization,3748094,46,tob,tob,low,6,1
2AFC Generalization,3748094,47,tob,wug,low,6,0
2AFC Generalization,3748094,48,wug,wug,high,6,1
