Event Index,UTC Timestamp,UTC Date,Local Timestamp,Local Timezone,Local Date,Experiment ID,Experiment Version,Tree Node Key,Repeat Key,Schedule ID,Participant Public ID,Participant Private ID,Participant Starting Group,Participant Status,Participant Completion Code,Participant External Session ID,Participant Device Type,Participant Device,Participant OS,Participant Browser,Participant Monitor Size,Participant Viewport Size,Checkpoint,Task Name,Task Version,randomiser-cu6n,learningProcedure,Reaction Time,Stimulus,Key Press,Test Part,Correct Response,Trial Type,Trial Index,Correct,presentedImage,presentedLabel,learningType,response,examID
1,1603186988000,20/10/2020 09:43:08,1603186989025,1,20/10/2020 10:43:09,28739,2,task-95gb,,7327985,,2138447,,live,,,computer,Desktop or Laptop,Windows 10,Chrome 86.0.4240.75,1600x900,1778x841,,exp2_visual_testing,2,LF,FL,NA,,,instructions,,instructions,0,,,,,,vlbgw
2,1603186988976,20/10/2020 09:43:08,1603186990073,1,20/10/2020 10:43:10,28739,2,task-95gb,,7327985,,2138447,,live,,,computer,Desktop or Laptop,Windows 10,Chrome 86.0.4240.75,1600x900,1778x841,,exp2_visual_testing,2,LF,FL,null,"<div style=""font-size:60px;"">+</div>",null,,,html-keyboard-response,1,,,,,,vlbgw
3,1603186991257,20/10/2020 09:43:11,1603186992359,1,20/10/2020 10:43:12,28739,2,task-95gb,,7327985,,2138447,,live,,,computer,Desktop or Laptop,Windows 10,Chrome 86.0.4240.75,1600x900,1778x841,,exp2_visual_testing,2,LF,FL,2274.84500000719,"[""dep""]",/task/129839/2/asset/6.JPG,labelPictures,,html-button-response,2,,"[""/task/129839/2/asset/6.JPG"",""/task/129839/2/asset/3.JPG"",""/task/129839/2/asset/36.JPG"",""/task/129839/2/asset/44.JPG""]","[""dep""]",FL,,vlbgw
4,1603186992273,20/10/2020 09:43:12,1603186993372,1,20/10/2020 10:43:13,28739,2,task-95gb,,7327985,,2138447,,live,,,computer,Desktop or Laptop,Windows 10,Chrome 86.0.4240.75,1600x900,1778x841,,exp2_visual_testing,2,LF,FL,null,"<div style=""font-size:60px;"">+</div>",null,,,html-keyboard-response,3,,,,,,vlbgw
5,1603186994774,20/10/2020 09:43:14,1603186995878,1,20/10/2020 10:43:15,28739,2,task-95gb,,7327985,,2138447,,live,,,computer,Desktop or Laptop,Windows 10,Chrome 86.0.4240.75,1600x900,1778x841,,exp2_visual_testing,2,LF,FL,2497.0250000042142,"[""tob""]",/task/129839/2/asset/44.JPG,labelPictures,,html-button-response,4,,"[""/task/129839/2/asset/44.JPG"",""/task/129839/2/asset/47.JPG"",""/task/129839/2/asset/51.JPG"",""/task/129839/2/asset/49.JPG""]","[""tob""]",FL,,vlbgw
6,1603186995821,20/10/2020 09:43:15,1603186996902,1,20/10/2020 10:43:16,28739,2,task-95gb,,7327985,,2138447,,live,,,computer,Desktop or Laptop,Windows 10,Chrome 86.0.4240.75,1600x900,1778x841,,exp2_visual_testing,2,LF,FL,null,"<div style=""font-size:60px;"">+</div>",null,,,html-keyboard-response,5,,,,,,vlbgw
7,1603186997726,20/10/2020 09:43:17,1603186998817,1,20/10/2020 10:43:18,28739,2,task-95gb,,7327985,,2138447,,live,,,computer,Desktop or Laptop,Windows 10,Chrome 86.0.4240.75,1600x900,1778x841,,exp2_visual_testing,2,LF,FL,1904.4399999984307,"[""dep""]",/task/129839/2/asset/51.JPG,labelPictures,,html-button-response,6,,"[""/task/129839/2/asset/9.JPG"",""/task/129839/2/asset/21.JPG"",""/task/129839/2/asset/30.JPG"",""/task/129839/2/asset/51.JPG""]","[""dep""]",FL,,vlbgw
8,1603186998789,20/10/2020 09:43:18,1603186999833,1,20/10/2020 10:43:19,28739,2,task-95gb,,7327985,,2138447,,live,,,computer,Desktop or Laptop,Windows 10,Chrome 86.0.4240.75,1600x900,1778x841,,exp2_visual_testing,2,LF,FL,null,"<div style=""font-size:60px;"">+</div>",null,,,html-keyboard-response,7,,,,,,vlbgw
9,1603187000024,20/10/2020 09:43:20,1603187001128,1,20/10/2020 10:43:21,28739,2,task-95gb,,7327985,,2138447,,live,,,computer,Desktop or Laptop,Windows 10,Chrome 86.0.4240.75,1600x900,1778x841,,exp2_visual_testing,2,LF,FL,1286.0749999963446,"[""bim""]",/task/129839/2/asset/2.JPG,labelPictures,,html-button-response,8,,"[""/task/129839/2/asset/1.JPG"",""/task/129839/2/asset/2.JPG"",""/task/129839/2/asset/3.JPG"",""/task/129839/2/asset/7.JPG""]","[""bim""]",FL,,vlbgw
10,1603187001311,20/10/2020 09:43:21,1603187002142,1,20/10/2020 10:43:22,28739,2,task-95gb,,7327985,,2138447,,live,,,computer,Desktop or Laptop,Windows 10,Chrome 86.0.4240.75,1600x900,1778x841,,exp2_visual_testing,2,LF,FL,null,"<div style=""font-size:60px;"">+</div>",null,,,html-keyboard-response,9,,,,,,vlbgw
11,1603187001811,20/10/2020 09:43:21,1603187002897,1,20/10/2020 10:43:22,28739,2,task-95gb,,7327985,,2138447,,live,,,computer,Desktop or Laptop,Windows 10,Chrome 86.0.4240.75,1600x900,1778x841,,exp2_visual_testing,2,LF,FL,747.6949999982025,"[""wug""]",/task/129839/2/asset/23.JPG,labelPictures,,html-button-response,10,,"[""/task/129839/2/asset/5.JPG"",""/task/129839/2/asset/23.JPG"",""/task/129839/2/asset/48.JPG"",""/task/129839/2/asset/51.JPG""]","[""wug""]",FL,,vlbgw
12,1603187002811,20/10/2020 09:43:22,1603187003912,1,20/10/2020 10:43:23,28739,2,task-95gb,,7327985,,2138447,,live,,,computer,Desktop or Laptop,Windows 10,Chrome 86.0.4240.75,1600x900,1778x841,,exp2_visual_testing,2,LF,FL,null,"<div style=""font-size:60px;"">+</div>",null,,,html-keyboard-response,11,,,,,,vlbgw
13,1603187003561,20/10/2020 09:43:23,1603187004468,1,20/10/2020 10:43:24,28739,2,task-95gb,,7327985,,2138447,,live,,,computer,Desktop or Laptop,Windows 10,Chrome 86.0.4240.75,1600x900,1778x841,,exp2_visual_testing,2,LF,FL,547.7499999979045,"[""wug""]",/task/129839/2/asset/13.JPG,labelPictures,,html-button-response,12,,"[""/task/129839/2/asset/52.JPG"",""/task/129839/2/asset/13.JPG"",""/task/129839/2/asset/12.JPG"",""/task/129839/2/asset/36.JPG""]","[""wug""]",FL,,vlbgw
14,1603187004640,20/10/2020 09:43:24,1603187005484,1,20/10/2020 10:43:25,28739,2,task-95gb,,7327985,,2138447,,live,,,computer,Desktop or Laptop,Windows 10,Chrome 86.0.4240.75,1600x900,1778x841,,exp2_visual_testing,2,LF,FL,null,"<div style=""font-size:60px;"">+</div>",null,,,html-keyboard-response,13,,,,,,vlbgw
15,1603187004779,20/10/2020 09:43:24,1603187005868,1,20/10/2020 10:43:25,28739,2,task-95gb,,7327985,,2138447,,live,,,computer,Desktop or Laptop,Windows 10,Chrome 86.0.4240.75,1600x900,1778x841,,exp2_visual_testing,2,LF,FL,375.14000000373926,"[""wug""]",/task/129839/2/asset/3.JPG,labelPictures,,html-button-response,14,,"[""/task/129839/2/asset/47.JPG"",""/task/129839/2/asset/56.JPG"",""/task/129839/2/asset/3.JPG"",""/task/129839/2/asset/7.JPG""]","[""wug""]",FL,,vlbgw
16,1603187005781,20/10/2020 09:43:25,1603187006877,1,20/10/2020 10:43:26,28739,2,task-95gb,,7327985,,2138447,,live,,,computer,Desktop or Laptop,Windows 10,Chrome 86.0.4240.75,1600x900,1778x841,,exp2_visual_testing,2,LF,FL,null,"<div style=""font-size:60px;"">+</div>",null,,,html-keyboard-response,15,,,,,,vlbgw
17,1603187006421,20/10/2020 09:43:26,1603187007516,1,20/10/2020 10:43:27,28739,2,task-95gb,,7327985,,2138447,,live,,,computer,Desktop or Laptop,Windows 10,Chrome 86.0.4240.75,1600x900,1778x841,,exp2_visual_testing,2,LF,FL,629.2499999981374,"[""bim""]",/task/129839/2/asset/32.JPG,labelPictures,,html-button-response,16,,"[""/task/129839/2/asset/46.JPG"",""/task/129839/2/asset/15.JPG"",""/task/129839/2/asset/40.JPG"",""/task/129839/2/asset/32.JPG""]","[""bim""]",FL,,vlbgw
18,1603187007437,20/10/2020 09:43:27,1603187008532,1,20/10/2020 10:43:28,28739,2,task-95gb,,7327985,,2138447,,live,,,computer,Desktop or Laptop,Windows 10,Chrome 86.0.4240.75,1600x900,1778x841,,exp2_visual_testing,2,LF,FL,null,"<div style=""font-size:60px;"">+</div>",null,,,html-keyboard-response,17,,,,,,vlbgw
19,1603187009499,20/10/2020 09:43:29,1603187010574,1,20/10/2020 10:43:30,28739,2,task-95gb,,7327985,,2138447,,live,,,computer,Desktop or Laptop,Windows 10,Chrome 86.0.4240.75,1600x900,1778x841,,exp2_visual_testing,2,LF,FL,2034.029999995255,"[""wug""]",/task/129839/2/asset/48.JPG,labelPictures,,html-button-response,18,,"[""/task/129839/2/asset/26.JPG"",""/task/129839/2/asset/48.JPG"",""/task/129839/2/asset/40.JPG"",""/task/129839/2/asset/22.JPG""]","[""wug""]",FL,,vlbgw
20,1603187010485,20/10/2020 09:43:30,1603187011582,1,20/10/2020 10:43:31,28739,2,task-95gb,,7327985,,2138447,,live,,,computer,Desktop or Laptop,Windows 10,Chrome 86.0.4240.75,1600x900,1778x841,,exp2_visual_testing,2,LF,FL,null,"<div style=""font-size:60px;"">+</div>",null,,,html-keyboard-response,19,,,,,,vlbgw
21,1603187012251,20/10/2020 09:43:32,1603187013332,1,20/10/2020 10:43:33,28739,2,task-95gb,,7327985,,2138447,,live,,,computer,Desktop or Laptop,Windows 10,Chrome 86.0.4240.75,1600x900,1778x841,,exp2_visual_testing,2,LF,FL,1740.8199999917997,"[""tob""]",/task/129839/2/asset/39.JPG,labelPictures,,html-button-response,20,,"[""/task/129839/2/asset/29.JPG"",""/task/129839/2/asset/11.JPG"",""/task/129839/2/asset/30.JPG"",""/task/129839/2/asset/39.JPG""]","[""tob""]",FL,,vlbgw
22,1603187013578,20/10/2020 09:43:33,1603187014341,1,20/10/2020 10:43:34,28739,2,task-95gb,,7327985,,2138447,,live,,,computer,Desktop or Laptop,Windows 10,Chrome 86.0.4240.75,1600x900,1778x841,,exp2_visual_testing,2,LF,FL,null,"<div style=""font-size:60px;"">+</div>",null,,,html-keyboard-response,21,,,,,,vlbgw
23,1603187015565,20/10/2020 09:43:35,1603187016665,1,20/10/2020 10:43:36,28739,2,task-95gb,,7327985,,2138447,,live,,,computer,Desktop or Laptop,Windows 10,Chrome 86.0.4240.75,1600x900,1778x841,,exp2_visual_testing,2,LF,FL,2315.634999991744,"[""dep""]",/task/129839/2/asset/47.JPG,labelPictures,,html-button-response,22,,"[""/task/129839/2/asset/52.JPG"",""/task/129839/2/asset/47.JPG"",""/task/129839/2/asset/51.JPG"",""/task/129839/2/asset/12.JPG""]","[""dep""]",FL,,vlbgw
24,1603187016580,20/10/2020 09:43:36,1603187017673,1,20/10/2020 10:43:37,28739,2,task-95gb,,7327985,,2138447,,live,,,computer,Desktop or Laptop,Windows 10,Chrome 86.0.4240.75,1600x900,1778x841,,exp2_visual_testing,2,LF,FL,null,"<div style=""font-size:60px;"">+</div>",null,,,html-keyboard-response,23,,,,,,vlbgw
25,1603187018158,20/10/2020 09:43:38,1603187019239,1,20/10/2020 10:43:39,28739,2,task-95gb,,7327985,,2138447,,live,,,computer,Desktop or Laptop,Windows 10,Chrome 86.0.4240.75,1600x900,1778x841,,exp2_visual_testing,2,LF,FL,1554.874999987078,"[""dep""]",/task/129839/2/asset/6.JPG,labelPictures,,html-button-response,24,,"[""/task/129839/2/asset/52.JPG"",""/task/129839/2/asset/12.JPG"",""/task/129839/2/asset/6.JPG"",""/task/129839/2/asset/11.JPG""]","[""dep""]",FL,,vlbgw
26,1603187019158,20/10/2020 09:43:39,1603187020253,1,20/10/2020 10:43:40,28739,2,task-95gb,,7327985,,2138447,,live,,,computer,Desktop or Laptop,Windows 10,Chrome 86.0.4240.75,1600x900,1778x841,,exp2_visual_testing,2,LF,FL,null,"<div style=""font-size:60px;"">+</div>",null,,,html-keyboard-response,25,,,,,,vlbgw
27,1603187021662,20/10/2020 09:43:41,1603187022755,1,20/10/2020 10:43:42,28739,2,task-95gb,,7327985,,2138447,,live,,,computer,Desktop or Laptop,Windows 10,Chrome 86.0.4240.75,1600x900,1778x841,,exp2_visual_testing,2,LF,FL,2492.5249999942025,"[""tob""]",/task/129839/2/asset/20.JPG,labelPictures,,html-button-response,26,,"[""/task/129839/2/asset/26.JPG"",""/task/129839/2/asset/22.JPG"",""/task/129839/2/asset/21.JPG"",""/task/129839/2/asset/20.JPG""]","[""tob""]",FL,,vlbgw
28,1603187022670,20/10/2020 09:43:42,1603187023767,1,20/10/2020 10:43:43,28739,2,task-95gb,,7327985,,2138447,,live,,,computer,Desktop or Laptop,Windows 10,Chrome 86.0.4240.75,1600x900,1778x841,,exp2_visual_testing,2,LF,FL,null,"<div style=""font-size:60px;"">+</div>",null,,,html-keyboard-response,27,,,,,,vlbgw
29,1603187024125,20/10/2020 09:43:44,1603187025217,1,20/10/2020 10:43:45,28739,2,task-95gb,,7327985,,2138447,,live,,,computer,Desktop or Laptop,Windows 10,Chrome 86.0.4240.75,1600x900,1778x841,,exp2_visual_testing,2,LF,FL,1440.0500000047032,"[""bim""]",/task/129839/2/asset/36.JPG,labelPictures,,html-button-response,28,,"[""/task/129839/2/asset/4.JPG"",""/task/129839/2/asset/37.JPG"",""/task/129839/2/asset/36.JPG"",""/task/129839/2/asset/8.JPG""]","[""bim""]",FL,,vlbgw
30,1603187025141,20/10/2020 09:43:45,1603187026231,1,20/10/2020 10:43:46,28739,2,task-95gb,,7327985,,2138447,,live,,,computer,Desktop or Laptop,Windows 10,Chrome 86.0.4240.75,1600x900,1778x841,,exp2_visual_testing,2,LF,FL,null,"<div style=""font-size:60px;"">+</div>",null,,,html-keyboard-response,29,,,,,,vlbgw
31,1603187027142,20/10/2020 09:43:47,1603187028235,1,20/10/2020 10:43:48,28739,2,task-95gb,,7327985,,2138447,,live,,,computer,Desktop or Laptop,Windows 10,Chrome 86.0.4240.75,1600x900,1778x841,,exp2_visual_testing,2,LF,FL,1994.330000001355,"[""dep""]",/task/129839/2/asset/30.JPG,labelPictures,,html-button-response,30,,"[""/task/129839/2/asset/9.JPG"",""/task/129839/2/asset/21.JPG"",""/task/129839/2/asset/30.JPG"",""/task/129839/2/asset/51.JPG""]","[""dep""]",FL,,vlbgw
32,1603187028158,20/10/2020 09:43:48,1603187029250,1,20/10/2020 10:43:49,28739,2,task-95gb,,7327985,,2138447,,live,,,computer,Desktop or Laptop,Windows 10,Chrome 86.0.4240.75,1600x900,1778x841,,exp2_visual_testing,2,LF,FL,null,"<div style=""font-size:60px;"">+</div>",null,,,html-keyboard-response,31,,,,,,vlbgw
33,1603187031235,20/10/2020 09:43:51,1603187032314,1,20/10/2020 10:43:52,28739,2,task-95gb,,7327985,,2138447,,live,,,computer,Desktop or Laptop,Windows 10,Chrome 86.0.4240.75,1600x900,1778x841,,exp2_visual_testing,2,LF,FL,3053.700000004028,"[""wug""]",/task/129839/2/asset/5.JPG,labelPictures,,html-button-response,32,,"[""/task/129839/2/asset/5.JPG"",""/task/129839/2/asset/23.JPG"",""/task/129839/2/asset/48.JPG"",""/task/129839/2/asset/51.JPG""]","[""wug""]",FL,,vlbgw
34,1603187032252,20/10/2020 09:43:52,1603187033330,1,20/10/2020 10:43:53,28739,2,task-95gb,,7327985,,2138447,,live,,,computer,Desktop or Laptop,Windows 10,Chrome 86.0.4240.75,1600x900,1778x841,,exp2_visual_testing,2,LF,FL,null,"<div style=""font-size:60px;"">+</div>",null,,,html-keyboard-response,33,,,,,,vlbgw
35,1603187034751,20/10/2020 09:43:54,1603187035842,1,20/10/2020 10:43:55,28739,2,task-95gb,,7327985,,2138447,,live,,,computer,Desktop or Laptop,Windows 10,Chrome 86.0.4240.75,1600x900,1778x841,,exp2_visual_testing,2,LF,FL,2501.7550000047777,"[""dep""]",/task/129839/2/asset/5.JPG,labelPictures,,html-button-response,34,,"[""/task/129839/2/asset/40.JPG"",""/task/129839/2/asset/5.JPG"",""/task/129839/2/asset/51.JPG"",""/task/129839/2/asset/20.JPG""]","[""dep""]",FL,,vlbgw
36,1603187035751,20/10/2020 09:43:55,1603187036854,1,20/10/2020 10:43:56,28739,2,task-95gb,,7327985,,2138447,,live,,,computer,Desktop or Laptop,Windows 10,Chrome 86.0.4240.75,1600x900,1778x841,,exp2_visual_testing,2,LF,FL,null,"<div style=""font-size:60px;"">+</div>",null,,,html-keyboard-response,35,,,,,,vlbgw
37,1603187037379,20/10/2020 09:43:57,1603187038499,1,20/10/2020 10:43:58,28739,2,task-95gb,,7327985,,2138447,,live,,,computer,Desktop or Laptop,Windows 10,Chrome 86.0.4240.75,1600x900,1778x841,,exp2_visual_testing,2,LF,FL,1640.1549999864073,"[""tob""]",/task/129839/2/asset/35.JPG,labelPictures,,html-button-response,36,,"[""/task/129839/2/asset/33.JPG"",""/task/129839/2/asset/34.JPG"",""/task/129839/2/asset/35.JPG"",""/task/129839/2/asset/7.JPG""]","[""tob""]",FL,,vlbgw
38,1603187038394,20/10/2020 09:43:58,1603187039503,1,20/10/2020 10:43:59,28739,2,task-95gb,,7327985,,2138447,,live,,,computer,Desktop or Laptop,Windows 10,Chrome 86.0.4240.75,1600x900,1778x841,,exp2_visual_testing,2,LF,FL,null,"<div style=""font-size:60px;"">+</div>",null,,,html-keyboard-response,37,,,,,,vlbgw
39,1603187040712,20/10/2020 09:44:00,1603187041815,1,20/10/2020 10:44:01,28739,2,task-95gb,,7327985,,2138447,,live,,,computer,Desktop or Laptop,Windows 10,Chrome 86.0.4240.75,1600x900,1778x841,,exp2_visual_testing,2,LF,FL,2305.2649999881396,"[""tob""]",/task/129839/2/asset/20.JPG,labelPictures,,html-button-response,38,,"[""/task/129839/2/asset/26.JPG"",""/task/129839/2/asset/22.JPG"",""/task/129839/2/asset/21.JPG"",""/task/129839/2/asset/20.JPG""]","[""tob""]",FL,,vlbgw
40,1603187041728,20/10/2020 09:44:01,1603187042826,1,20/10/2020 10:44:02,28739,2,task-95gb,,7327985,,2138447,,live,,,computer,Desktop or Laptop,Windows 10,Chrome 86.0.4240.75,1600x900,1778x841,,exp2_visual_testing,2,LF,FL,null,"<div style=""font-size:60px;"">+</div>",null,,,html-keyboard-response,39,,,,,,vlbgw
41,1603187043524,20/10/2020 09:44:03,1603187044624,1,20/10/2020 10:44:04,28739,2,task-95gb,,7327985,,2138447,,live,,,computer,Desktop or Laptop,Windows 10,Chrome 86.0.4240.75,1600x900,1778x841,,exp2_visual_testing,2,LF,FL,1788.97500000312,"[""wug""]",/task/129839/2/asset/10.JPG,labelPictures,,html-button-response,40,,"[""/task/129839/2/asset/14.JPG"",""/task/129839/2/asset/53.JPG"",""/task/129839/2/asset/10.JPG"",""/task/129839/2/asset/37.JPG""]","[""wug""]",FL,,vlbgw
42,1603187044542,20/10/2020 09:44:04,1603187045641,1,20/10/2020 10:44:05,28739,2,task-95gb,,7327985,,2138447,,live,,,computer,Desktop or Laptop,Windows 10,Chrome 86.0.4240.75,1600x900,1778x841,,exp2_visual_testing,2,LF,FL,null,"<div style=""font-size:60px;"">+</div>",null,,,html-keyboard-response,41,,,,,,vlbgw
43,1603187046698,20/10/2020 09:44:06,1603187047786,1,20/10/2020 10:44:07,28739,2,task-95gb,,7327985,,2138447,,live,,,computer,Desktop or Laptop,Windows 10,Chrome 86.0.4240.75,1600x900,1778x841,,exp2_visual_testing,2,LF,FL,2135.5600000097184,"[""dep""]",/task/129839/2/asset/47.JPG,labelPictures,,html-button-response,42,,"[""/task/129839/2/asset/49.JPG"",""/task/129839/2/asset/47.JPG"",""/task/129839/2/asset/26.JPG"",""/task/129839/2/asset/56.JPG""]","[""dep""]",FL,,vlbgw
44,1603187047714,20/10/2020 09:44:07,1603187048803,1,20/10/2020 10:44:08,28739,2,task-95gb,,7327985,,2138447,,live,,,computer,Desktop or Laptop,Windows 10,Chrome 86.0.4240.75,1600x900,1778x841,,exp2_visual_testing,2,LF,FL,null,"<div style=""font-size:60px;"">+</div>",null,,,html-keyboard-response,43,,,,,,vlbgw
45,1603187050075,20/10/2020 09:44:10,1603187051175,1,20/10/2020 10:44:11,28739,2,task-95gb,,7327985,,2138447,,live,,,computer,Desktop or Laptop,Windows 10,Chrome 86.0.4240.75,1600x900,1778x841,,exp2_visual_testing,2,LF,FL,2361.9849999959115,"[""tob""]",/task/129839/2/asset/35.JPG,labelPictures,,html-button-response,44,,"[""/task/129839/2/asset/33.JPG"",""/task/129839/2/asset/34.JPG"",""/task/129839/2/asset/35.JPG"",""/task/129839/2/asset/7.JPG""]","[""tob""]",FL,,vlbgw
46,1603187051231,20/10/2020 09:44:11,1603187052185,1,20/10/2020 10:44:12,28739,2,task-95gb,,7327985,,2138447,,live,,,computer,Desktop or Laptop,Windows 10,Chrome 86.0.4240.75,1600x900,1778x841,,exp2_visual_testing,2,LF,FL,null,"<div style=""font-size:60px;"">+</div>",null,,,html-keyboard-response,45,,,,,,vlbgw
47,1603187053247,20/10/2020 09:44:13,1603187054316,1,20/10/2020 10:44:14,28739,2,task-95gb,,7327985,,2138447,,live,,,computer,Desktop or Laptop,Windows 10,Chrome 86.0.4240.75,1600x900,1778x841,,exp2_visual_testing,2,LF,FL,2127.475000001141,"[""tob""]",/task/129839/2/asset/17.JPG,labelPictures,,html-button-response,46,,"[""/task/129839/2/asset/17.JPG"",""/task/129839/2/asset/18.JPG"",""/task/129839/2/asset/7.JPG"",""/task/129839/2/asset/13.JPG""]","[""tob""]",FL,,vlbgw
48,1603187054231,20/10/2020 09:44:14,1603187055330,1,20/10/2020 10:44:15,28739,2,task-95gb,,7327985,,2138447,,live,,,computer,Desktop or Laptop,Windows 10,Chrome 86.0.4240.75,1600x900,1778x841,,exp2_visual_testing,2,LF,FL,null,"<div style=""font-size:60px;"">+</div>",null,,,html-keyboard-response,47,,,,,,vlbgw
49,1603187056625,20/10/2020 09:44:16,1603187057721,1,20/10/2020 10:44:17,28739,2,task-95gb,,7327985,,2138447,,live,,,computer,Desktop or Laptop,Windows 10,Chrome 86.0.4240.75,1600x900,1778x841,,exp2_visual_testing,2,LF,FL,2380.4850000014994,"[""wug""]",/task/129839/2/asset/9.JPG,labelPictures,,html-button-response,48,,"[""/task/129839/2/asset/45.JPG"",""/task/129839/2/asset/9.JPG"",""/task/129839/2/asset/25.JPG"",""/task/129839/2/asset/43.JPG""]","[""wug""]",FL,,vlbgw
50,1603187057640,20/10/2020 09:44:17,1603187058732,1,20/10/2020 10:44:18,28739,2,task-95gb,,7327985,,2138447,,live,,,computer,Desktop or Laptop,Windows 10,Chrome 86.0.4240.75,1600x900,1778x841,,exp2_visual_testing,2,LF,FL,null,"<div style=""font-size:60px;"">+</div>",null,,,html-keyboard-response,49,,,,,,vlbgw
51,1603187059562,20/10/2020 09:44:19,1603187060652,1,20/10/2020 10:44:20,28739,2,task-95gb,,7327985,,2138447,,live,,,computer,Desktop or Laptop,Windows 10,Chrome 86.0.4240.75,1600x900,1778x841,,exp2_visual_testing,2,LF,FL,1912.5250000070082,"[""wug""]",/task/129839/2/asset/3.JPG,labelPictures,,html-button-response,50,,"[""/task/129839/2/asset/47.JPG"",""/task/129839/2/asset/56.JPG"",""/task/129839/2/asset/3.JPG"",""/task/129839/2/asset/7.JPG""]","[""wug""]",FL,,vlbgw
52,1603187060569,20/10/2020 09:44:20,1603187061660,1,20/10/2020 10:44:21,28739,2,task-95gb,,7327985,,2138447,,live,,,computer,Desktop or Laptop,Windows 10,Chrome 86.0.4240.75,1600x900,1778x841,,exp2_visual_testing,2,LF,FL,null,"<div style=""font-size:60px;"">+</div>",null,,,html-keyboard-response,51,,,,,,vlbgw
53,1603187062554,20/10/2020 09:44:22,1603187063625,1,20/10/2020 10:44:23,28739,2,task-95gb,,7327985,,2138447,,live,,,computer,Desktop or Laptop,Windows 10,Chrome 86.0.4240.75,1600x900,1778x841,,exp2_visual_testing,2,LF,FL,1955.9950000111712,"[""tob""]",/task/129839/2/asset/44.JPG,labelPictures,,html-button-response,52,,"[""/task/129839/2/asset/44.JPG"",""/task/129839/2/asset/47.JPG"",""/task/129839/2/asset/51.JPG"",""/task/129839/2/asset/49.JPG""]","[""tob""]",FL,,vlbgw
54,1603187063555,20/10/2020 09:44:23,1603187064636,1,20/10/2020 10:44:24,28739,2,task-95gb,,7327985,,2138447,,live,,,computer,Desktop or Laptop,Windows 10,Chrome 86.0.4240.75,1600x900,1778x841,,exp2_visual_testing,2,LF,FL,null,"<div style=""font-size:60px;"">+</div>",null,,,html-keyboard-response,53,,,,,,vlbgw
55,1603187066025,20/10/2020 09:44:26,1603187067119,1,20/10/2020 10:44:27,28739,2,task-95gb,,7327985,,2138447,,live,,,computer,Desktop or Laptop,Windows 10,Chrome 86.0.4240.75,1600x900,1778x841,,exp2_visual_testing,2,LF,FL,2475.5850000074133,"[""dep""]",/task/129839/2/asset/47.JPG,labelPictures,,html-button-response,54,,"[""/task/129839/2/asset/49.JPG"",""/task/129839/2/asset/47.JPG"",""/task/129839/2/asset/26.JPG"",""/task/129839/2/asset/56.JPG""]","[""dep""]",FL,,vlbgw
56,1603187067025,20/10/2020 09:44:27,1603187068125,1,20/10/2020 10:44:28,28739,2,task-95gb,,7327985,,2138447,,live,,,computer,Desktop or Laptop,Windows 10,Chrome 86.0.4240.75,1600x900,1778x841,,exp2_visual_testing,2,LF,FL,null,"<div style=""font-size:60px;"">+</div>",null,,,html-keyboard-response,55,,,,,,vlbgw
57,1603187070134,20/10/2020 09:44:30,1603187071226,1,20/10/2020 10:44:31,28739,2,task-95gb,,7327985,,2138447,,live,,,computer,Desktop or Laptop,Windows 10,Chrome 86.0.4240.75,1600x900,1778x841,,exp2_visual_testing,2,LF,FL,3091.6100000031292,"[""tob""]",/task/129839/2/asset/50.JPG,labelPictures,,html-button-response,56,,"[""/task/129839/2/asset/31.JPG"",""/task/129839/2/asset/50.JPG"",""/task/129839/2/asset/26.JPG"",""/task/129839/2/asset/54.JPG""]","[""tob""]",FL,,vlbgw
58,1603187071150,20/10/2020 09:44:31,1603187072242,1,20/10/2020 10:44:32,28739,2,task-95gb,,7327985,,2138447,,live,,,computer,Desktop or Laptop,Windows 10,Chrome 86.0.4240.75,1600x900,1778x841,,exp2_visual_testing,2,LF,FL,null,"<div style=""font-size:60px;"">+</div>",null,,,html-keyboard-response,57,,,,,,vlbgw
59,1603187073284,20/10/2020 09:44:33,1603187074367,1,20/10/2020 10:44:34,28739,2,task-95gb,,7327985,,2138447,,live,,,computer,Desktop or Laptop,Windows 10,Chrome 86.0.4240.75,1600x900,1778x841,,exp2_visual_testing,2,LF,FL,2115.284999992582,"[""tob""]",/task/129839/2/asset/17.JPG,labelPictures,,html-button-response,58,,"[""/task/129839/2/asset/17.JPG"",""/task/129839/2/asset/18.JPG"",""/task/129839/2/asset/7.JPG"",""/task/129839/2/asset/13.JPG""]","[""tob""]",FL,,vlbgw
60,1603187074284,20/10/2020 09:44:34,1603187075388,1,20/10/2020 10:44:35,28739,2,task-95gb,,7327985,,2138447,,live,,,computer,Desktop or Laptop,Windows 10,Chrome 86.0.4240.75,1600x900,1778x841,,exp2_visual_testing,2,LF,FL,null,"<div style=""font-size:60px;"">+</div>",null,,,html-keyboard-response,59,,,,,,vlbgw
61,1603187077801,20/10/2020 09:44:37,1603187078902,1,20/10/2020 10:44:38,28739,2,task-95gb,,7327985,,2138447,,live,,,computer,Desktop or Laptop,Windows 10,Chrome 86.0.4240.75,1600x900,1778x841,,exp2_visual_testing,2,LF,FL,null,"[""dep""]",,labelPictures,,html-button-response,60,,"[""/task/129839/2/asset/40.JPG"",""/task/129839/2/asset/5.JPG"",""/task/129839/2/asset/51.JPG"",""/task/129839/2/asset/20.JPG""]","[""dep""]",FL,,vlbgw
62,1603187078817,20/10/2020 09:44:38,1603187079917,1,20/10/2020 10:44:39,28739,2,task-95gb,,7327985,,2138447,,live,,,computer,Desktop or Laptop,Windows 10,Chrome 86.0.4240.75,1600x900,1778x841,,exp2_visual_testing,2,LF,FL,null,"<div style=""font-size:60px;"">+</div>",null,,,html-keyboard-response,61,,,,,,vlbgw
63,1603187081801,20/10/2020 09:44:41,1603187082889,1,20/10/2020 10:44:42,28739,2,task-95gb,,7327985,,2138447,,live,,,computer,Desktop or Laptop,Windows 10,Chrome 86.0.4240.75,1600x900,1778x841,,exp2_visual_testing,2,LF,FL,2963.1700000027195,"[""dep""]",/task/129839/2/asset/47.JPG,labelPictures,,html-button-response,62,,"[""/task/129839/2/asset/52.JPG"",""/task/129839/2/asset/47.JPG"",""/task/129839/2/asset/51.JPG"",""/task/129839/2/asset/12.JPG""]","[""dep""]",FL,,vlbgw
64,1603187082802,20/10/2020 09:44:42,1603187083903,1,20/10/2020 10:44:43,28739,2,task-95gb,,7327985,,2138447,,live,,,computer,Desktop or Laptop,Windows 10,Chrome 86.0.4240.75,1600x900,1778x841,,exp2_visual_testing,2,LF,FL,null,"<div style=""font-size:60px;"">+</div>",null,,,html-keyboard-response,63,,,,,,vlbgw
65,1603187085523,20/10/2020 09:44:45,1603187086626,1,20/10/2020 10:44:46,28739,2,task-95gb,,7327985,,2138447,,live,,,computer,Desktop or Laptop,Windows 10,Chrome 86.0.4240.75,1600x900,1778x841,,exp2_visual_testing,2,LF,FL,2712.809999997262,"[""tob""]",/task/129839/2/asset/56.JPG,labelPictures,,html-button-response,64,,"[""/task/129839/2/asset/36.JPG"",""/task/129839/2/asset/56.JPG"",""/task/129839/2/asset/52.JPG"",""/task/129839/2/asset/19.JPG""]","[""tob""]",FL,,vlbgw
66,1603187086539,20/10/2020 09:44:46,1603187087635,1,20/10/2020 10:44:47,28739,2,task-95gb,,7327985,,2138447,,live,,,computer,Desktop or Laptop,Windows 10,Chrome 86.0.4240.75,1600x900,1778x841,,exp2_visual_testing,2,LF,FL,null,"<div style=""font-size:60px;"">+</div>",null,,,html-keyboard-response,65,,,,,,vlbgw
67,1603187088851,20/10/2020 09:44:48,1603187089939,1,20/10/2020 10:44:49,28739,2,task-95gb,,7327985,,2138447,,live,,,computer,Desktop or Laptop,Windows 10,Chrome 86.0.4240.75,1600x900,1778x841,,exp2_visual_testing,2,LF,FL,2294.5250000047963,"[""tob""]",/task/129839/2/asset/39.JPG,labelPictures,,html-button-response,66,,"[""/task/129839/2/asset/29.JPG"",""/task/129839/2/asset/11.JPG"",""/task/129839/2/asset/30.JPG"",""/task/129839/2/asset/39.JPG""]","[""tob""]",FL,,vlbgw
68,1603187089851,20/10/2020 09:44:49,1603187090956,1,20/10/2020 10:44:50,28739,2,task-95gb,,7327985,,2138447,,live,,,computer,Desktop or Laptop,Windows 10,Chrome 86.0.4240.75,1600x900,1778x841,,exp2_visual_testing,2,LF,FL,null,"<div style=""font-size:60px;"">+</div>",null,,,html-keyboard-response,67,,,,,,vlbgw
69,1603187091429,20/10/2020 09:44:51,1603187092531,1,20/10/2020 10:44:52,28739,2,task-95gb,,7327985,,2138447,,live,,,computer,Desktop or Laptop,Windows 10,Chrome 86.0.4240.75,1600x900,1778x841,,exp2_visual_testing,2,LF,FL,1565.2499999996508,"[""wug""]",/task/129839/2/asset/52.JPG,labelPictures,,html-button-response,68,,"[""/task/129839/2/asset/51.JPG"",""/task/129839/2/asset/52.JPG"",""/task/129839/2/asset/13.JPG"",""/task/129839/2/asset/12.JPG""]","[""wug""]",FL,,vlbgw
70,1603187092445,20/10/2020 09:44:52,1603187093541,1,20/10/2020 10:44:53,28739,2,task-95gb,,7327985,,2138447,,live,,,computer,Desktop or Laptop,Windows 10,Chrome 86.0.4240.75,1600x900,1778x841,,exp2_visual_testing,2,LF,FL,null,"<div style=""font-size:60px;"">+</div>",null,,,html-keyboard-response,69,,,,,,vlbgw
71,1603187094323,20/10/2020 09:44:54,1603187095398,1,20/10/2020 10:44:55,28739,2,task-95gb,,7327985,,2138447,,live,,,computer,Desktop or Laptop,Windows 10,Chrome 86.0.4240.75,1600x900,1778x841,,exp2_visual_testing,2,LF,FL,1849.1899999935413,"[""dep""]",/task/129839/2/asset/54.JPG,labelPictures,,html-button-response,70,,"[""/task/129839/2/asset/14.JPG"",""/task/129839/2/asset/54.JPG"",""/task/129839/2/asset/29.JPG"",""/task/129839/2/asset/21.JPG""]","[""dep""]",FL,,vlbgw
72,1603187095327,20/10/2020 09:44:55,1603187096413,1,20/10/2020 10:44:56,28739,2,task-95gb,,7327985,,2138447,,live,,,computer,Desktop or Laptop,Windows 10,Chrome 86.0.4240.75,1600x900,1778x841,,exp2_visual_testing,2,LF,FL,null,"<div style=""font-size:60px;"">+</div>",null,,,html-keyboard-response,71,,,,,,vlbgw
73,1603187098373,20/10/2020 09:44:58,1603187099460,1,20/10/2020 10:44:59,28739,2,task-95gb,,7327985,,2138447,,live,,,computer,Desktop or Laptop,Windows 10,Chrome 86.0.4240.75,1600x900,1778x841,,exp2_visual_testing,2,LF,FL,3038.249999997788,"[""wug""]",/task/129839/2/asset/22.JPG,labelPictures,,html-button-response,72,,"[""/task/129839/2/asset/26.JPG"",""/task/129839/2/asset/48.JPG"",""/task/129839/2/asset/40.JPG"",""/task/129839/2/asset/22.JPG""]","[""wug""]",FL,,vlbgw
74,1603187099373,20/10/2020 09:44:59,1603187100470,1,20/10/2020 10:45:00,28739,2,task-95gb,,7327985,,2138447,,live,,,computer,Desktop or Laptop,Windows 10,Chrome 86.0.4240.75,1600x900,1778x841,,exp2_visual_testing,2,LF,FL,null,"<div style=""font-size:60px;"">+</div>",null,,,html-keyboard-response,73,,,,,,vlbgw
75,1603187102146,20/10/2020 09:45:02,1603187103240,1,20/10/2020 10:45:03,28739,2,task-95gb,,7327985,,2138447,,live,,,computer,Desktop or Laptop,Windows 10,Chrome 86.0.4240.75,1600x900,1778x841,,exp2_visual_testing,2,LF,FL,2760.6549999909475,"[""wug""]",/task/129839/2/asset/5.JPG,labelPictures,,html-button-response,74,,"[""/task/129839/2/asset/5.JPG"",""/task/129839/2/asset/21.JPG"",""/task/129839/2/asset/29.JPG"",""/task/129839/2/asset/36.JPG""]","[""wug""]",FL,,vlbgw
76,1603187103162,20/10/2020 09:45:03,1603187104256,1,20/10/2020 10:45:04,28739,2,task-95gb,,7327985,,2138447,,live,,,computer,Desktop or Laptop,Windows 10,Chrome 86.0.4240.75,1600x900,1778x841,,exp2_visual_testing,2,LF,FL,null,"<div style=""font-size:60px;"">+</div>",null,,,html-keyboard-response,75,,,,,,vlbgw
77,1603187104803,20/10/2020 09:45:04,1603187105890,1,20/10/2020 10:45:05,28739,2,task-95gb,,7327985,,2138447,,live,,,computer,Desktop or Laptop,Windows 10,Chrome 86.0.4240.75,1600x900,1778x841,,exp2_visual_testing,2,LF,FL,1625.0449999934062,"[""wug""]",/task/129839/2/asset/5.JPG,labelPictures,,html-button-response,76,,"[""/task/129839/2/asset/5.JPG"",""/task/129839/2/asset/21.JPG"",""/task/129839/2/asset/29.JPG"",""/task/129839/2/asset/36.JPG""]","[""wug""]",FL,,vlbgw
78,1603187105818,20/10/2020 09:45:05,1603187106907,1,20/10/2020 10:45:06,28739,2,task-95gb,,7327985,,2138447,,live,,,computer,Desktop or Laptop,Windows 10,Chrome 86.0.4240.75,1600x900,1778x841,,exp2_visual_testing,2,LF,FL,null,"<div style=""font-size:60px;"">+</div>",null,,,html-keyboard-response,77,,,,,,vlbgw
79,1603187107869,20/10/2020 09:45:07,1603187108955,1,20/10/2020 10:45:08,28739,2,task-95gb,,7327985,,2138447,,live,,,computer,Desktop or Laptop,Windows 10,Chrome 86.0.4240.75,1600x900,1778x841,,exp2_visual_testing,2,LF,FL,2037.1000000013737,"[""dep""]",/task/129839/2/asset/6.JPG,labelPictures,,html-button-response,78,,"[""/task/129839/2/asset/6.JPG"",""/task/129839/2/asset/3.JPG"",""/task/129839/2/asset/36.JPG"",""/task/129839/2/asset/44.JPG""]","[""dep""]",FL,,vlbgw
80,1603187108886,20/10/2020 09:45:08,1603187109971,1,20/10/2020 10:45:09,28739,2,task-95gb,,7327985,,2138447,,live,,,computer,Desktop or Laptop,Windows 10,Chrome 86.0.4240.75,1600x900,1778x841,,exp2_visual_testing,2,LF,FL,null,"<div style=""font-size:60px;"">+</div>",null,,,html-keyboard-response,79,,,,,,vlbgw
81,1603187111155,20/10/2020 09:45:11,1603187112247,1,20/10/2020 10:45:12,28739,2,task-95gb,,7327985,,2138447,,live,,,computer,Desktop or Laptop,Windows 10,Chrome 86.0.4240.75,1600x900,1778x841,,exp2_visual_testing,2,LF,FL,2268.259999997099,"[""dep""]",/task/129839/2/asset/50.JPG,labelPictures,,html-button-response,80,,"[""/task/129839/2/asset/36.JPG"",""/task/129839/2/asset/50.JPG"",""/task/129839/2/asset/5.JPG"",""/task/129839/2/asset/20.JPG""]","[""dep""]",FL,,vlbgw
82,1603187112155,20/10/2020 09:45:12,1603187113261,1,20/10/2020 10:45:13,28739,2,task-95gb,,7327985,,2138447,,live,,,computer,Desktop or Laptop,Windows 10,Chrome 86.0.4240.75,1600x900,1778x841,,exp2_visual_testing,2,LF,FL,null,"<div style=""font-size:60px;"">+</div>",null,,,html-keyboard-response,81,,,,,,vlbgw
83,1603187114749,20/10/2020 09:45:14,1603187115850,1,20/10/2020 10:45:15,28739,2,task-95gb,,7327985,,2138447,,live,,,computer,Desktop or Laptop,Windows 10,Chrome 86.0.4240.75,1600x900,1778x841,,exp2_visual_testing,2,LF,FL,2579.8199999990175,"[""tob""]",/task/129839/2/asset/31.JPG,labelPictures,,html-button-response,82,,"[""/task/129839/2/asset/31.JPG"",""/task/129839/2/asset/50.JPG"",""/task/129839/2/asset/26.JPG"",""/task/129839/2/asset/54.JPG""]","[""tob""]",FL,,vlbgw
84,1603187115751,20/10/2020 09:45:15,1603187116856,1,20/10/2020 10:45:16,28739,2,task-95gb,,7327985,,2138447,,live,,,computer,Desktop or Laptop,Windows 10,Chrome 86.0.4240.75,1600x900,1778x841,,exp2_visual_testing,2,LF,FL,null,"<div style=""font-size:60px;"">+</div>",null,,,html-keyboard-response,83,,,,,,vlbgw
85,1603187118032,20/10/2020 09:45:18,1603187119096,1,20/10/2020 10:45:19,28739,2,task-95gb,,7327985,,2138447,,live,,,computer,Desktop or Laptop,Windows 10,Chrome 86.0.4240.75,1600x900,1778x841,,exp2_visual_testing,2,LF,FL,2231.755000000703,"[""wug""]",/task/129839/2/asset/10.JPG,labelPictures,,html-button-response,84,,"[""/task/129839/2/asset/14.JPG"",""/task/129839/2/asset/53.JPG"",""/task/129839/2/asset/10.JPG"",""/task/129839/2/asset/37.JPG""]","[""wug""]",FL,,vlbgw
86,1603187119025,20/10/2020 09:45:19,1603187120107,1,20/10/2020 10:45:20,28739,2,task-95gb,,7327985,,2138447,,live,,,computer,Desktop or Laptop,Windows 10,Chrome 86.0.4240.75,1600x900,1778x841,,exp2_visual_testing,2,LF,FL,null,"<div style=""font-size:60px;"">+</div>",null,,,html-keyboard-response,85,,,,,,vlbgw
87,1603187122371,20/10/2020 09:45:22,1603187123459,1,20/10/2020 10:45:23,28739,2,task-95gb,,7327985,,2138447,,live,,,computer,Desktop or Laptop,Windows 10,Chrome 86.0.4240.75,1600x900,1778x841,,exp2_visual_testing,2,LF,FL,3342.334999993909,"[""dep""]",/task/129839/2/asset/50.JPG,labelPictures,,html-button-response,86,,"[""/task/129839/2/asset/36.JPG"",""/task/129839/2/asset/50.JPG"",""/task/129839/2/asset/5.JPG"",""/task/129839/2/asset/20.JPG""]","[""dep""]",FL,,vlbgw
88,1603187123386,20/10/2020 09:45:23,1603187124472,1,20/10/2020 10:45:24,28739,2,task-95gb,,7327985,,2138447,,live,,,computer,Desktop or Laptop,Windows 10,Chrome 86.0.4240.75,1600x900,1778x841,,exp2_visual_testing,2,LF,FL,null,"<div style=""font-size:60px;"">+</div>",null,,,html-keyboard-response,87,,,,,,vlbgw
89,1603187125267,20/10/2020 09:45:25,1603187126369,1,20/10/2020 10:45:26,28739,2,task-95gb,,7327985,,2138447,,live,,,computer,Desktop or Laptop,Windows 10,Chrome 86.0.4240.75,1600x900,1778x841,,exp2_visual_testing,2,LF,FL,1882.6649999973597,"[""bim""]",/task/129839/2/asset/11.JPG,labelPictures,,html-button-response,88,,"[""/task/129839/2/asset/11.JPG"",""/task/129839/2/asset/9.JPG"",""/task/129839/2/asset/5.JPG"",""/task/129839/2/asset/16.JPG""]","[""bim""]",FL,,vlbgw
90,1603187126298,20/10/2020 09:45:26,1603187127378,1,20/10/2020 10:45:27,28739,2,task-95gb,,7327985,,2138447,,live,,,computer,Desktop or Laptop,Windows 10,Chrome 86.0.4240.75,1600x900,1778x841,,exp2_visual_testing,2,LF,FL,null,"<div style=""font-size:60px;"">+</div>",null,,,html-keyboard-response,89,,,,,,vlbgw
91,1603187130001,20/10/2020 09:45:30,1603187130889,1,20/10/2020 10:45:30,28739,2,task-95gb,,7327985,,2138447,,live,,,computer,Desktop or Laptop,Windows 10,Chrome 86.0.4240.75,1600x900,1778x841,,exp2_visual_testing,2,LF,FL,null,"[""wug""]",,labelPictures,,html-button-response,90,,"[""/task/129839/2/asset/45.JPG"",""/task/129839/2/asset/9.JPG"",""/task/129839/2/asset/25.JPG"",""/task/129839/2/asset/43.JPG""]","[""wug""]",FL,,vlbgw
92,1603187130798,20/10/2020 09:45:30,1603187131896,1,20/10/2020 10:45:31,28739,2,task-95gb,,7327985,,2138447,,live,,,computer,Desktop or Laptop,Windows 10,Chrome 86.0.4240.75,1600x900,1778x841,,exp2_visual_testing,2,LF,FL,null,"<div style=""font-size:60px;"">+</div>",null,,,html-keyboard-response,91,,,,,,vlbgw
93,1603187132923,20/10/2020 09:45:32,1603187134014,1,20/10/2020 10:45:34,28739,2,task-95gb,,7327985,,2138447,,live,,,computer,Desktop or Laptop,Windows 10,Chrome 86.0.4240.75,1600x900,1778x841,,exp2_visual_testing,2,LF,FL,2108.3249999937834,"[""wug""]",/task/129839/2/asset/52.JPG,labelPictures,,html-button-response,92,,"[""/task/129839/2/asset/51.JPG"",""/task/129839/2/asset/52.JPG"",""/task/129839/2/asset/13.JPG"",""/task/129839/2/asset/12.JPG""]","[""wug""]",FL,,vlbgw
94,1603187133923,20/10/2020 09:45:33,1603187135025,1,20/10/2020 10:45:35,28739,2,task-95gb,,7327985,,2138447,,live,,,computer,Desktop or Laptop,Windows 10,Chrome 86.0.4240.75,1600x900,1778x841,,exp2_visual_testing,2,LF,FL,null,"<div style=""font-size:60px;"">+</div>",null,,,html-keyboard-response,93,,,,,,vlbgw
95,1603187136718,20/10/2020 09:45:36,1603187137793,1,20/10/2020 10:45:37,28739,2,task-95gb,,7327985,,2138447,,live,,,computer,Desktop or Laptop,Windows 10,Chrome 86.0.4240.75,1600x900,1778x841,,exp2_visual_testing,2,LF,FL,2758.3549999981187,"[""dep""]",/task/129839/2/asset/6.JPG,labelPictures,,html-button-response,94,,"[""/task/129839/2/asset/52.JPG"",""/task/129839/2/asset/12.JPG"",""/task/129839/2/asset/6.JPG"",""/task/129839/2/asset/11.JPG""]","[""dep""]",FL,,vlbgw
96,1603187137702,20/10/2020 09:45:37,1603187138803,1,20/10/2020 10:45:38,28739,2,task-95gb,,7327985,,2138447,,live,,,computer,Desktop or Laptop,Windows 10,Chrome 86.0.4240.75,1600x900,1778x841,,exp2_visual_testing,2,LF,FL,null,"<div style=""font-size:60px;"">+</div>",null,,,html-keyboard-response,95,,,,,,vlbgw
97,1603187139186,20/10/2020 09:45:39,1603187140276,1,20/10/2020 10:45:40,28739,2,task-95gb,,7327985,,2138447,,live,,,computer,Desktop or Laptop,Windows 10,Chrome 86.0.4240.75,1600x900,1778x841,,exp2_visual_testing,2,LF,FL,1469.1900000034366,"[""bim""]",/task/129839/2/asset/45.JPG,labelPictures,,html-button-response,96,,"[""/task/129839/2/asset/38.JPG"",""/task/129839/2/asset/45.JPG"",""/task/129839/2/asset/53.JPG"",""/task/129839/2/asset/27.JPG""]","[""bim""]",FL,,vlbgw
98,1603187140175,20/10/2020 09:45:40,1603187141286,1,20/10/2020 10:45:41,28739,2,task-95gb,,7327985,,2138447,,live,,,computer,Desktop or Laptop,Windows 10,Chrome 86.0.4240.75,1600x900,1778x841,,exp2_visual_testing,2,LF,FL,null,"<div style=""font-size:60px;"">+</div>",null,,,html-keyboard-response,97,,,,,,vlbgw
99,1603187143692,20/10/2020 09:45:43,1603187144797,1,20/10/2020 10:45:44,28739,2,task-95gb,,7327985,,2138447,,live,,,computer,Desktop or Laptop,Windows 10,Chrome 86.0.4240.75,1600x900,1778x841,,exp2_visual_testing,2,LF,FL,null,"[""tob""]",,labelPictures,,html-button-response,98,,"[""/task/129839/2/asset/41.JPG"",""/task/129839/2/asset/14.JPG"",""/task/129839/2/asset/54.JPG"",""/task/129839/2/asset/50.JPG""]","[""tob""]",FL,,vlbgw
100,1603187144770,20/10/2020 09:45:44,1603187145805,1,20/10/2020 10:45:45,28739,2,task-95gb,,7327985,,2138447,,live,,,computer,Desktop or Laptop,Windows 10,Chrome 86.0.4240.75,1600x900,1778x841,,exp2_visual_testing,2,LF,FL,null,"<div style=""font-size:60px;"">+</div>",null,,,html-keyboard-response,99,,,,,,vlbgw
101,1603187146535,20/10/2020 09:45:46,1603187147640,1,20/10/2020 10:45:47,28739,2,task-95gb,,7327985,,2138447,,live,,,computer,Desktop or Laptop,Windows 10,Chrome 86.0.4240.75,1600x900,1778x841,,exp2_visual_testing,2,LF,FL,1830.6849999935366,"[""tob""]",/task/129839/2/asset/56.JPG,labelPictures,,html-button-response,100,,"[""/task/129839/2/asset/36.JPG"",""/task/129839/2/asset/56.JPG"",""/task/129839/2/asset/52.JPG"",""/task/129839/2/asset/19.JPG""]","[""tob""]",FL,,vlbgw
102,1603187147539,20/10/2020 09:45:47,1603187148645,1,20/10/2020 10:45:48,28739,2,task-95gb,,7327985,,2138447,,live,,,computer,Desktop or Laptop,Windows 10,Chrome 86.0.4240.75,1600x900,1778x841,,exp2_visual_testing,2,LF,FL,null,"<div style=""font-size:60px;"">+</div>",null,,,html-keyboard-response,101,,,,,,vlbgw
103,1603187149336,20/10/2020 09:45:49,1603187150426,1,20/10/2020 10:45:50,28739,2,task-95gb,,7327985,,2138447,,live,,,computer,Desktop or Laptop,Windows 10,Chrome 86.0.4240.75,1600x900,1778x841,,exp2_visual_testing,2,LF,FL,1778.1450000038603,"[""bim""]",/task/129839/2/asset/26.JPG,labelPictures,,html-button-response,102,,"[""/task/129839/2/asset/26.JPG"",""/task/129839/2/asset/23.JPG"",""/task/129839/2/asset/25.JPG"",""/task/129839/2/asset/28.JPG""]","[""bim""]",FL,,vlbgw
104,1603187150336,20/10/2020 09:45:50,1603187151435,1,20/10/2020 10:45:51,28739,2,task-95gb,,7327985,,2138447,,live,,,computer,Desktop or Laptop,Windows 10,Chrome 86.0.4240.75,1600x900,1778x841,,exp2_visual_testing,2,LF,FL,null,"<div style=""font-size:60px;"">+</div>",null,,,html-keyboard-response,103,,,,,,vlbgw
105,1603187153884,20/10/2020 09:45:53,1603187154814,1,20/10/2020 10:45:54,28739,2,task-95gb,,7327985,,2138447,,live,,,computer,Desktop or Laptop,Windows 10,Chrome 86.0.4240.75,1600x900,1778x841,,exp2_visual_testing,2,LF,FL,3367.7049999969313,"[""tob""]",/task/129839/2/asset/41.JPG,labelPictures,,html-button-response,104,,"[""/task/129839/2/asset/41.JPG"",""/task/129839/2/asset/14.JPG"",""/task/129839/2/asset/54.JPG"",""/task/129839/2/asset/50.JPG""]","[""tob""]",FL,,vlbgw
106,1603187154743,20/10/2020 09:45:54,1603187155828,1,20/10/2020 10:45:55,28739,2,task-95gb,,7327985,,2138447,,live,,,computer,Desktop or Laptop,Windows 10,Chrome 86.0.4240.75,1600x900,1778x841,,exp2_visual_testing,2,LF,FL,null,"<div style=""font-size:60px;"">+</div>",null,,,html-keyboard-response,105,,,,,,vlbgw
107,1603187157401,20/10/2020 09:45:57,1603187158486,1,20/10/2020 10:45:58,28739,2,task-95gb,,7327985,,2138447,,live,,,computer,Desktop or Laptop,Windows 10,Chrome 86.0.4240.75,1600x900,1778x841,,exp2_visual_testing,2,LF,FL,2648.5350000002654,"[""bim""]",/task/129839/2/asset/51.JPG,labelPictures,,html-button-response,106,,"[""/task/129839/2/asset/51.JPG"",""/task/129839/2/asset/48.JPG"",""/task/129839/2/asset/42.JPG"",""/task/129839/2/asset/43.JPG""]","[""bim""]",FL,,vlbgw
108,1603187158401,20/10/2020 09:45:58,1603187159495,1,20/10/2020 10:45:59,28739,2,task-95gb,,7327985,,2138447,,live,,,computer,Desktop or Laptop,Windows 10,Chrome 86.0.4240.75,1600x900,1778x841,,exp2_visual_testing,2,LF,FL,null,"<div style=""font-size:60px;"">+</div>",null,,,html-keyboard-response,107,,,,,,vlbgw
109,1603187159432,20/10/2020 09:45:59,1603187160533,1,20/10/2020 10:46:00,28739,2,task-95gb,,7327985,,2138447,,live,,,computer,Desktop or Laptop,Windows 10,Chrome 86.0.4240.75,1600x900,1778x841,,exp2_visual_testing,2,LF,FL,1028.8300000102026,"[""bim""]",/task/129839/2/asset/14.JPG,labelPictures,,html-button-response,108,,"[""/task/129839/2/asset/14.JPG"",""/task/129839/2/asset/10.JPG"",""/task/129839/2/asset/6.JPG"",""/task/129839/2/asset/12.JPG""]","[""bim""]",FL,,vlbgw
110,1603187160451,20/10/2020 09:46:00,1603187161545,1,20/10/2020 10:46:01,28739,2,task-95gb,,7327985,,2138447,,live,,,computer,Desktop or Laptop,Windows 10,Chrome 86.0.4240.75,1600x900,1778x841,,exp2_visual_testing,2,LF,FL,null,"<div style=""font-size:60px;"">+</div>",null,,,html-keyboard-response,109,,,,,,vlbgw
111,1603187161998,20/10/2020 09:46:01,1603187163045,1,20/10/2020 10:46:03,28739,2,task-95gb,,7327985,,2138447,,live,,,computer,Desktop or Laptop,Windows 10,Chrome 86.0.4240.75,1600x900,1778x841,,exp2_visual_testing,2,LF,FL,1492.5450000009732,"[""wug""]",/task/129839/2/asset/52.JPG,labelPictures,,html-button-response,110,,"[""/task/129839/2/asset/52.JPG"",""/task/129839/2/asset/13.JPG"",""/task/129839/2/asset/12.JPG"",""/task/129839/2/asset/36.JPG""]","[""wug""]",FL,,vlbgw
112,1603187162951,20/10/2020 09:46:02,1603187164056,1,20/10/2020 10:46:04,28739,2,task-95gb,,7327985,,2138447,,live,,,computer,Desktop or Laptop,Windows 10,Chrome 86.0.4240.75,1600x900,1778x841,,exp2_visual_testing,2,LF,FL,null,"<div style=""font-size:60px;"">+</div>",null,,,html-keyboard-response,111,,,,,,vlbgw
113,1603187166467,20/10/2020 09:46:06,1603187167562,1,20/10/2020 10:46:07,28739,2,task-95gb,,7327985,,2138447,,live,,,computer,Desktop or Laptop,Windows 10,Chrome 86.0.4240.75,1600x900,1778x841,,exp2_visual_testing,2,LF,FL,null,"[""dep""]",,labelPictures,,html-button-response,112,,"[""/task/129839/2/asset/14.JPG"",""/task/129839/2/asset/54.JPG"",""/task/129839/2/asset/29.JPG"",""/task/129839/2/asset/21.JPG""]","[""dep""]",FL,,vlbgw
114,1603187234605,20/10/2020 09:47:14,1603187235614,1,20/10/2020 10:47:15,28739,2,task-95gb,,7327985,,2138447,,live,,,computer,Desktop or Laptop,Windows 10,Chrome 86.0.4240.75,1600x900,1778x841,,exp2_visual_testing,2,LF,FL,NA,,,instructions,,instructions,113,,,,,,vlbgw
115,1603187235543,20/10/2020 09:47:15,1603187236633,1,20/10/2020 10:47:16,28739,2,task-95gb,,7327985,,2138447,,live,,,computer,Desktop or Laptop,Windows 10,Chrome 86.0.4240.75,1600x900,1778x841,,exp2_visual_testing,2,LF,FL,null,"<div style=""font-size:60px;"">+</div>",null,,,html-keyboard-response,114,,,,,,vlbgw
116,1603187242402,20/10/2020 09:47:22,1603187243500,1,20/10/2020 10:47:23,28739,2,task-95gb,,7327985,,2138447,,live,,,computer,Desktop or Laptop,Windows 10,Chrome 86.0.4240.75,1600x900,1778x841,,exp2_visual_testing,2,LF,FL,6853.784999999334,,-70,conJudg,,image-slider-response,115,,/task/129839/2/asset/2225.jpg,wug,FL,-70,vlbgw
117,1603187243465,20/10/2020 09:47:23,1603187244512,1,20/10/2020 10:47:24,28739,2,task-95gb,,7327985,,2138447,,live,,,computer,Desktop or Laptop,Windows 10,Chrome 86.0.4240.75,1600x900,1778x841,,exp2_visual_testing,2,LF,FL,null,"<div style=""font-size:60px;"">+</div>",null,,,html-keyboard-response,116,,,,,,vlbgw
118,1603187248203,20/10/2020 09:47:28,1603187249296,1,20/10/2020 10:47:29,28739,2,task-95gb,,7327985,,2138447,,live,,,computer,Desktop or Laptop,Windows 10,Chrome 86.0.4240.75,1600x900,1778x841,,exp2_visual_testing,2,LF,FL,4772.590000007767,,-100,conJudg,,image-slider-response,117,,/task/129839/2/asset/925.jpg,wug,FL,-100,vlbgw
119,1603187249219,20/10/2020 09:47:29,1603187250309,1,20/10/2020 10:47:30,28739,2,task-95gb,,7327985,,2138447,,live,,,computer,Desktop or Laptop,Windows 10,Chrome 86.0.4240.75,1600x900,1778x841,,exp2_visual_testing,2,LF,FL,null,"<div style=""font-size:60px;"">+</div>",null,,,html-keyboard-response,118,,,,,,vlbgw
120,1603187250594,20/10/2020 09:47:30,1603187251690,1,20/10/2020 10:47:31,28739,2,task-95gb,,7327985,,2138447,,live,,,computer,Desktop or Laptop,Windows 10,Chrome 86.0.4240.75,1600x900,1778x841,,exp2_visual_testing,2,LF,FL,1369.6749999944586,,0,conJudg,,image-slider-response,119,,/task/129839/2/asset/2425.jpg,wug,FL,0,vlbgw
121,1603187251609,20/10/2020 09:47:31,1603187252703,1,20/10/2020 10:47:32,28739,2,task-95gb,,7327985,,2138447,,live,,,computer,Desktop or Laptop,Windows 10,Chrome 86.0.4240.75,1600x900,1778x841,,exp2_visual_testing,2,LF,FL,null,"<div style=""font-size:60px;"">+</div>",null,,,html-keyboard-response,120,,,,,,vlbgw
122,1603187255461,20/10/2020 09:47:35,1603187256553,1,20/10/2020 10:47:36,28739,2,task-95gb,,7327985,,2138447,,live,,,computer,Desktop or Laptop,Windows 10,Chrome 86.0.4240.75,1600x900,1778x841,,exp2_visual_testing,2,LF,FL,3839.735000001383,,-100,conJudg,,image-slider-response,121,,/task/129839/2/asset/1675.jpg,tob,FL,-100,vlbgw
123,1603187256476,20/10/2020 09:47:36,1603187257567,1,20/10/2020 10:47:37,28739,2,task-95gb,,7327985,,2138447,,live,,,computer,Desktop or Laptop,Windows 10,Chrome 86.0.4240.75,1600x900,1778x841,,exp2_visual_testing,2,LF,FL,null,"<div style=""font-size:60px;"">+</div>",null,,,html-keyboard-response,122,,,,,,vlbgw
124,1603187261336,20/10/2020 09:47:41,1603187262430,1,20/10/2020 10:47:42,28739,2,task-95gb,,7327985,,2138447,,live,,,computer,Desktop or Laptop,Windows 10,Chrome 86.0.4240.75,1600x900,1778x841,,exp2_visual_testing,2,LF,FL,4853.434999997262,,-90,conJudg,,image-slider-response,123,,/task/129839/2/asset/625.jpg,wug,FL,-90,vlbgw
125,1603187262586,20/10/2020 09:47:42,1603187263440,1,20/10/2020 10:47:43,28739,2,task-95gb,,7327985,,2138447,,live,,,computer,Desktop or Laptop,Windows 10,Chrome 86.0.4240.75,1600x900,1778x841,,exp2_visual_testing,2,LF,FL,null,"<div style=""font-size:60px;"">+</div>",null,,,html-keyboard-response,124,,,,,,vlbgw
126,1603187266008,20/10/2020 09:47:46,1603187267096,1,20/10/2020 10:47:47,28739,2,task-95gb,,7327985,,2138447,,live,,,computer,Desktop or Laptop,Windows 10,Chrome 86.0.4240.75,1600x900,1778x841,,exp2_visual_testing,2,LF,FL,3646.3199999998324,,88,conJudg,,image-slider-response,125,,/task/129839/2/asset/425.jpg,tob,FL,88,vlbgw
127,1603187267086,20/10/2020 09:47:47,1603187268106,1,20/10/2020 10:47:48,28739,2,task-95gb,,7327985,,2138447,,live,,,computer,Desktop or Laptop,Windows 10,Chrome 86.0.4240.75,1600x900,1778x841,,exp2_visual_testing,2,LF,FL,null,"<div style=""font-size:60px;"">+</div>",null,,,html-keyboard-response,126,,,,,,vlbgw
128,1603187271243,20/10/2020 09:47:51,1603187272345,1,20/10/2020 10:47:52,28739,2,task-95gb,,7327985,,2138447,,live,,,computer,Desktop or Laptop,Windows 10,Chrome 86.0.4240.75,1600x900,1778x841,,exp2_visual_testing,2,LF,FL,4228.1999999977415,,-98,conJudg,,image-slider-response,127,,/task/129839/2/asset/2975.jpg,dep,FL,-98,vlbgw
129,1603187272259,20/10/2020 09:47:52,1603187273355,1,20/10/2020 10:47:53,28739,2,task-95gb,,7327985,,2138447,,live,,,computer,Desktop or Laptop,Windows 10,Chrome 86.0.4240.75,1600x900,1778x841,,exp2_visual_testing,2,LF,FL,null,"<div style=""font-size:60px;"">+</div>",null,,,html-keyboard-response,128,,,,,,vlbgw
130,1603187276897,20/10/2020 09:47:56,1603187277975,1,20/10/2020 10:47:57,28739,2,task-95gb,,7327985,,2138447,,live,,,computer,Desktop or Laptop,Windows 10,Chrome 86.0.4240.75,1600x900,1778x841,,exp2_visual_testing,2,LF,FL,4610.650000002352,,100,conJudg,,image-slider-response,129,,/task/129839/2/asset/375.jpg,tob,FL,100,vlbgw
131,1603187277894,20/10/2020 09:47:57,1603187278985,1,20/10/2020 10:47:58,28739,2,task-95gb,,7327985,,2138447,,live,,,computer,Desktop or Laptop,Windows 10,Chrome 86.0.4240.75,1600x900,1778x841,,exp2_visual_testing,2,LF,FL,null,"<div style=""font-size:60px;"">+</div>",null,,,html-keyboard-response,130,,,,,,vlbgw
132,1603187283185,20/10/2020 09:48:03,1603187284279,1,20/10/2020 10:48:04,28739,2,task-95gb,,7327985,,2138447,,live,,,computer,Desktop or Laptop,Windows 10,Chrome 86.0.4240.75,1600x900,1778x841,,exp2_visual_testing,2,LF,FL,5283.129999996163,,98,conJudg,,image-slider-response,131,,/task/129839/2/asset/1325.jpg,dep,FL,98,vlbgw
133,1603187284202,20/10/2020 09:48:04,1603187285290,1,20/10/2020 10:48:05,28739,2,task-95gb,,7327985,,2138447,,live,,,computer,Desktop or Laptop,Windows 10,Chrome 86.0.4240.75,1600x900,1778x841,,exp2_visual_testing,2,LF,FL,null,"<div style=""font-size:60px;"">+</div>",null,,,html-keyboard-response,132,,,,,,vlbgw
134,1603187290509,20/10/2020 09:48:10,1603187291598,1,20/10/2020 10:48:11,28739,2,task-95gb,,7327985,,2138447,,live,,,computer,Desktop or Laptop,Windows 10,Chrome 86.0.4240.75,1600x900,1778x841,,exp2_visual_testing,2,LF,FL,6297.694999986561,,83,conJudg,,image-slider-response,133,,/task/129839/2/asset/1225.jpg,dep,FL,83,vlbgw
135,1603187291509,20/10/2020 09:48:11,1603187292607,1,20/10/2020 10:48:12,28739,2,task-95gb,,7327985,,2138447,,live,,,computer,Desktop or Laptop,Windows 10,Chrome 86.0.4240.75,1600x900,1778x841,,exp2_visual_testing,2,LF,FL,null,"<div style=""font-size:60px;"">+</div>",null,,,html-keyboard-response,134,,,,,,vlbgw
136,1603187294679,20/10/2020 09:48:14,1603187295778,1,20/10/2020 10:48:15,28739,2,task-95gb,,7327985,,2138447,,live,,,computer,Desktop or Laptop,Windows 10,Chrome 86.0.4240.75,1600x900,1778x841,,exp2_visual_testing,2,LF,FL,3161.455000008573,,-96,conJudg,,image-slider-response,135,,/task/129839/2/asset/2175.jpg,wug,FL,-96,vlbgw
137,1603187295694,20/10/2020 09:48:15,1603187296788,1,20/10/2020 10:48:16,28739,2,task-95gb,,7327985,,2138447,,live,,,computer,Desktop or Laptop,Windows 10,Chrome 86.0.4240.75,1600x900,1778x841,,exp2_visual_testing,2,LF,FL,null,"<div style=""font-size:60px;"">+</div>",null,,,html-keyboard-response,136,,,,,,vlbgw
138,1603187299401,20/10/2020 09:48:19,1603187300471,1,20/10/2020 10:48:20,28739,2,task-95gb,,7327985,,2138447,,live,,,computer,Desktop or Laptop,Windows 10,Chrome 86.0.4240.75,1600x900,1778x841,,exp2_visual_testing,2,LF,FL,3674.075000002631,,-97,conJudg,,image-slider-response,137,,/task/129839/2/asset/2525.jpg,wug,FL,-97,vlbgw
139,1603187300386,20/10/2020 09:48:20,1603187301478,1,20/10/2020 10:48:21,28739,2,task-95gb,,7327985,,2138447,,live,,,computer,Desktop or Laptop,Windows 10,Chrome 86.0.4240.75,1600x900,1778x841,,exp2_visual_testing,2,LF,FL,null,"<div style=""font-size:60px;"">+</div>",null,,,html-keyboard-response,138,,,,,,vlbgw
140,1603187304902,20/10/2020 09:48:24,1603187306004,1,20/10/2020 10:48:26,28739,2,task-95gb,,7327985,,2138447,,live,,,computer,Desktop or Laptop,Windows 10,Chrome 86.0.4240.75,1600x900,1778x841,,exp2_visual_testing,2,LF,FL,4515.420000010636,,-74,conJudg,,image-slider-response,139,,/task/129839/2/asset/2075.jpg,tob,FL,-74,vlbgw
141,1603187305923,20/10/2020 09:48:25,1603187307023,1,20/10/2020 10:48:27,28739,2,task-95gb,,7327985,,2138447,,live,,,computer,Desktop or Laptop,Windows 10,Chrome 86.0.4240.75,1600x900,1778x841,,exp2_visual_testing,2,LF,FL,null,"<div style=""font-size:60px;"">+</div>",null,,,html-keyboard-response,140,,,,,,vlbgw
142,1603187309861,20/10/2020 09:48:29,1603187310954,1,20/10/2020 10:48:30,28739,2,task-95gb,,7327985,,2138447,,live,,,computer,Desktop or Laptop,Windows 10,Chrome 86.0.4240.75,1600x900,1778x841,,exp2_visual_testing,2,LF,FL,3920.555000004242,,-95,conJudg,,image-slider-response,141,,/task/129839/2/asset/2475.jpg,wug,FL,-95,vlbgw
143,1603187310862,20/10/2020 09:48:30,1603187311967,1,20/10/2020 10:48:31,28739,2,task-95gb,,7327985,,2138447,,live,,,computer,Desktop or Laptop,Windows 10,Chrome 86.0.4240.75,1600x900,1778x841,,exp2_visual_testing,2,LF,FL,null,"<div style=""font-size:60px;"">+</div>",null,,,html-keyboard-response,142,,,,,,vlbgw
144,1603187314143,20/10/2020 09:48:34,1603187315240,1,20/10/2020 10:48:35,28739,2,task-95gb,,7327985,,2138447,,live,,,computer,Desktop or Laptop,Windows 10,Chrome 86.0.4240.75,1600x900,1778x841,,exp2_visual_testing,2,LF,FL,3261.434999993071,,100,conJudg,,image-slider-response,143,,/task/129839/2/asset/175.jpg,tob,FL,100,vlbgw
145,1603187315145,20/10/2020 09:48:35,1603187316249,1,20/10/2020 10:48:36,28739,2,task-95gb,,7327985,,2138447,,live,,,computer,Desktop or Laptop,Windows 10,Chrome 86.0.4240.75,1600x900,1778x841,,exp2_visual_testing,2,LF,FL,null,"<div style=""font-size:60px;"">+</div>",null,,,html-keyboard-response,144,,,,,,vlbgw
146,1603187319520,20/10/2020 09:48:39,1603187320617,1,20/10/2020 10:48:40,28739,2,task-95gb,,7327985,,2138447,,live,,,computer,Desktop or Laptop,Windows 10,Chrome 86.0.4240.75,1600x900,1778x841,,exp2_visual_testing,2,LF,FL,4357.640000001993,,94,conJudg,,image-slider-response,145,,/task/129839/2/asset/1025.jpg,wug,FL,94,vlbgw
147,1603187320536,20/10/2020 09:48:40,1603187321634,1,20/10/2020 10:48:41,28739,2,task-95gb,,7327985,,2138447,,live,,,computer,Desktop or Laptop,Windows 10,Chrome 86.0.4240.75,1600x900,1778x841,,exp2_visual_testing,2,LF,FL,null,"<div style=""font-size:60px;"">+</div>",null,,,html-keyboard-response,146,,,,,,vlbgw
148,1603187324677,20/10/2020 09:48:44,1603187325729,1,20/10/2020 10:48:45,28739,2,task-95gb,,7327985,,2138447,,live,,,computer,Desktop or Laptop,Windows 10,Chrome 86.0.4240.75,1600x900,1778x841,,exp2_visual_testing,2,LF,FL,4085.3099999949336,,-98,conJudg,,image-slider-response,147,,/task/129839/2/asset/2325.jpg,wug,FL,-98,vlbgw
149,1603187325646,20/10/2020 09:48:45,1603187326738,1,20/10/2020 10:48:46,28739,2,task-95gb,,7327985,,2138447,,live,,,computer,Desktop or Laptop,Windows 10,Chrome 86.0.4240.75,1600x900,1778x841,,exp2_visual_testing,2,LF,FL,null,"<div style=""font-size:60px;"">+</div>",null,,,html-keyboard-response,148,,,,,,vlbgw
150,1603187329604,20/10/2020 09:48:49,1603187330690,1,20/10/2020 10:48:50,28739,2,task-95gb,,7327985,,2138447,,live,,,computer,Desktop or Laptop,Windows 10,Chrome 86.0.4240.75,1600x900,1778x841,,exp2_visual_testing,2,LF,FL,3941.6700000001583,,-97,conJudg,,image-slider-response,149,,/task/129839/2/asset/1825.jpg,tob,FL,-97,vlbgw
151,1603187330606,20/10/2020 09:48:50,1603187331701,1,20/10/2020 10:48:51,28739,2,task-95gb,,7327985,,2138447,,live,,,computer,Desktop or Laptop,Windows 10,Chrome 86.0.4240.75,1600x900,1778x841,,exp2_visual_testing,2,LF,FL,null,"<div style=""font-size:60px;"">+</div>",null,,,html-keyboard-response,150,,,,,,vlbgw
152,1603187336188,20/10/2020 09:48:56,1603187337281,1,20/10/2020 10:48:57,28739,2,task-95gb,,7327985,,2138447,,live,,,computer,Desktop or Laptop,Windows 10,Chrome 86.0.4240.75,1600x900,1778x841,,exp2_visual_testing,2,LF,FL,5569.459999998799,,-89,conJudg,,image-slider-response,151,,/task/129839/2/asset/2725.jpg,dep,FL,-89,vlbgw
153,1603187337191,20/10/2020 09:48:57,1603187338293,1,20/10/2020 10:48:58,28739,2,task-95gb,,7327985,,2138447,,live,,,computer,Desktop or Laptop,Windows 10,Chrome 86.0.4240.75,1600x900,1778x841,,exp2_visual_testing,2,LF,FL,null,"<div style=""font-size:60px;"">+</div>",null,,,html-keyboard-response,152,,,,,,vlbgw
154,1603187340485,20/10/2020 09:49:00,1603187341594,1,20/10/2020 10:49:01,28739,2,task-95gb,,7327985,,2138447,,live,,,computer,Desktop or Laptop,Windows 10,Chrome 86.0.4240.75,1600x900,1778x841,,exp2_visual_testing,2,LF,FL,3290.2699999976903,,-97,conJudg,,image-slider-response,153,,/task/129839/2/asset/2275.jpg,wug,FL,-97,vlbgw
155,1603187341508,20/10/2020 09:49:01,1603187342610,1,20/10/2020 10:49:02,28739,2,task-95gb,,7327985,,2138447,,live,,,computer,Desktop or Laptop,Windows 10,Chrome 86.0.4240.75,1600x900,1778x841,,exp2_visual_testing,2,LF,FL,null,"<div style=""font-size:60px;"">+</div>",null,,,html-keyboard-response,154,,,,,,vlbgw
156,1603187347855,20/10/2020 09:49:07,1603187348951,1,20/10/2020 10:49:08,28739,2,task-95gb,,7327985,,2138447,,live,,,computer,Desktop or Laptop,Windows 10,Chrome 86.0.4240.75,1600x900,1778x841,,exp2_visual_testing,2,LF,FL,6332.4699999939185,,98,conJudg,,image-slider-response,155,,/task/129839/2/asset/525.jpg,tob,FL,98,vlbgw
157,1603187348872,20/10/2020 09:49:08,1603187349968,1,20/10/2020 10:49:09,28739,2,task-95gb,,7327985,,2138447,,live,,,computer,Desktop or Laptop,Windows 10,Chrome 86.0.4240.75,1600x900,1778x841,,exp2_visual_testing,2,LF,FL,null,"<div style=""font-size:60px;"">+</div>",null,,,html-keyboard-response,156,,,,,,vlbgw
158,1603187352243,20/10/2020 09:49:12,1603187353304,1,20/10/2020 10:49:13,28739,2,task-95gb,,7327985,,2138447,,live,,,computer,Desktop or Laptop,Windows 10,Chrome 86.0.4240.75,1600x900,1778x841,,exp2_visual_testing,2,LF,FL,3325.5950000020675,,-97,conJudg,,image-slider-response,157,,/task/129839/2/asset/2675.jpg,dep,FL,-97,vlbgw
159,1603187353227,20/10/2020 09:49:13,1603187354323,1,20/10/2020 10:49:14,28739,2,task-95gb,,7327985,,2138447,,live,,,computer,Desktop or Laptop,Windows 10,Chrome 86.0.4240.75,1600x900,1778x841,,exp2_visual_testing,2,LF,FL,null,"<div style=""font-size:60px;"">+</div>",null,,,html-keyboard-response,158,,,,,,vlbgw
160,1603187356181,20/10/2020 09:49:16,1603187357283,1,20/10/2020 10:49:17,28739,2,task-95gb,,7327985,,2138447,,live,,,computer,Desktop or Laptop,Windows 10,Chrome 86.0.4240.75,1600x900,1778x841,,exp2_visual_testing,2,LF,FL,2949.79999998759,,100,conJudg,,image-slider-response,159,,/task/129839/2/asset/975.jpg,wug,FL,100,vlbgw
161,1603187357198,20/10/2020 09:49:17,1603187358297,1,20/10/2020 10:49:18,28739,2,task-95gb,,7327985,,2138447,,live,,,computer,Desktop or Laptop,Windows 10,Chrome 86.0.4240.75,1600x900,1778x841,,exp2_visual_testing,2,LF,FL,null,"<div style=""font-size:60px;"">+</div>",null,,,html-keyboard-response,160,,,,,,vlbgw
162,1603187360304,20/10/2020 09:49:20,1603187361406,1,20/10/2020 10:49:21,28739,2,task-95gb,,7327985,,2138447,,live,,,computer,Desktop or Laptop,Windows 10,Chrome 86.0.4240.75,1600x900,1778x841,,exp2_visual_testing,2,LF,FL,3098.580000005313,,100,conJudg,,image-slider-response,161,,/task/129839/2/asset/125.jpg,tob,FL,100,vlbgw
163,1603187361335,20/10/2020 09:49:21,1603187362425,1,20/10/2020 10:49:22,28739,2,task-95gb,,7327985,,2138447,,live,,,computer,Desktop or Laptop,Windows 10,Chrome 86.0.4240.75,1600x900,1778x841,,exp2_visual_testing,2,LF,FL,null,"<div style=""font-size:60px;"">+</div>",null,,,html-keyboard-response,162,,,,,,vlbgw
164,1603187365538,20/10/2020 09:49:25,1603187366622,1,20/10/2020 10:49:26,28739,2,task-95gb,,7327985,,2138447,,live,,,computer,Desktop or Laptop,Windows 10,Chrome 86.0.4240.75,1600x900,1778x841,,exp2_visual_testing,2,LF,FL,4181.305000005523,,99,conJudg,,image-slider-response,163,,/task/129839/2/asset/1525.jpg,dep,FL,99,vlbgw
165,1603187366525,20/10/2020 09:49:26,1603187367638,1,20/10/2020 10:49:27,28739,2,task-95gb,,7327985,,2138447,,live,,,computer,Desktop or Laptop,Windows 10,Chrome 86.0.4240.75,1600x900,1778x841,,exp2_visual_testing,2,LF,FL,null,"<div style=""font-size:60px;"">+</div>",null,,,html-keyboard-response,164,,,,,,vlbgw
166,1603187369025,20/10/2020 09:49:29,1603187370118,1,20/10/2020 10:49:30,28739,2,task-95gb,,7327985,,2138447,,live,,,computer,Desktop or Laptop,Windows 10,Chrome 86.0.4240.75,1600x900,1778x841,,exp2_visual_testing,2,LF,FL,2475.2449999941746,,-100,conJudg,,image-slider-response,165,,/task/129839/2/asset/2775.jpg,dep,FL,-100,vlbgw
167,1603187370041,20/10/2020 09:49:30,1603187371137,1,20/10/2020 10:49:31,28739,2,task-95gb,,7327985,,2138447,,live,,,computer,Desktop or Laptop,Windows 10,Chrome 86.0.4240.75,1600x900,1778x841,,exp2_visual_testing,2,LF,FL,null,"<div style=""font-size:60px;"">+</div>",null,,,html-keyboard-response,166,,,,,,vlbgw
168,1603187375433,20/10/2020 09:49:35,1603187376527,1,20/10/2020 10:49:36,28739,2,task-95gb,,7327985,,2138447,,live,,,computer,Desktop or Laptop,Windows 10,Chrome 86.0.4240.75,1600x900,1778x841,,exp2_visual_testing,2,LF,FL,5379.715000002761,,-96,conJudg,,image-slider-response,167,,/task/129839/2/asset/3025.jpg,dep,FL,-96,vlbgw
169,1603187376449,20/10/2020 09:49:36,1603187377539,1,20/10/2020 10:49:37,28739,2,task-95gb,,7327985,,2138447,,live,,,computer,Desktop or Laptop,Windows 10,Chrome 86.0.4240.75,1600x900,1778x841,,exp2_visual_testing,2,LF,FL,null,"<div style=""font-size:60px;"">+</div>",null,,,html-keyboard-response,168,,,,,,vlbgw
170,1603187379902,20/10/2020 09:49:39,1603187380975,1,20/10/2020 10:49:40,28739,2,task-95gb,,7327985,,2138447,,live,,,computer,Desktop or Laptop,Windows 10,Chrome 86.0.4240.75,1600x900,1778x841,,exp2_visual_testing,2,LF,FL,3423.3150000072783,,100,conJudg,,image-slider-response,169,,/task/129839/2/asset/475.jpg,tob,FL,100,vlbgw
171,1603187380886,20/10/2020 09:49:40,1603187381996,1,20/10/2020 10:49:41,28739,2,task-95gb,,7327985,,2138447,,live,,,computer,Desktop or Laptop,Windows 10,Chrome 86.0.4240.75,1600x900,1778x841,,exp2_visual_testing,2,LF,FL,null,"<div style=""font-size:60px;"">+</div>",null,,,html-keyboard-response,170,,,,,,vlbgw
172,1603187383405,20/10/2020 09:49:43,1603187384494,1,20/10/2020 10:49:44,28739,2,task-95gb,,7327985,,2138447,,live,,,computer,Desktop or Laptop,Windows 10,Chrome 86.0.4240.75,1600x900,1778x841,,exp2_visual_testing,2,LF,FL,2487.359999999171,,-99,conJudg,,image-slider-response,171,,/task/129839/2/asset/1725.jpg,tob,FL,-99,vlbgw
173,1603187384405,20/10/2020 09:49:44,1603187385502,1,20/10/2020 10:49:45,28739,2,task-95gb,,7327985,,2138447,,live,,,computer,Desktop or Laptop,Windows 10,Chrome 86.0.4240.75,1600x900,1778x841,,exp2_visual_testing,2,LF,FL,null,"<div style=""font-size:60px;"">+</div>",null,,,html-keyboard-response,172,,,,,,vlbgw
174,1603187388342,20/10/2020 09:49:48,1603187389431,1,20/10/2020 10:49:49,28739,2,task-95gb,,7327985,,2138447,,live,,,computer,Desktop or Laptop,Windows 10,Chrome 86.0.4240.75,1600x900,1778x841,,exp2_visual_testing,2,LF,FL,3921.3850000087405,,-95,conJudg,,image-slider-response,173,,/task/129839/2/asset/2925.jpg,dep,FL,-95,vlbgw
175,1603187389343,20/10/2020 09:49:49,1603187390448,1,20/10/2020 10:49:50,28739,2,task-95gb,,7327985,,2138447,,live,,,computer,Desktop or Laptop,Windows 10,Chrome 86.0.4240.75,1600x900,1778x841,,exp2_visual_testing,2,LF,FL,null,"<div style=""font-size:60px;"">+</div>",null,,,html-keyboard-response,174,,,,,,vlbgw
176,1603187391827,20/10/2020 09:49:51,1603187392914,1,20/10/2020 10:49:52,28739,2,task-95gb,,7327985,,2138447,,live,,,computer,Desktop or Laptop,Windows 10,Chrome 86.0.4240.75,1600x900,1778x841,,exp2_visual_testing,2,LF,FL,2453.9050000021234,,100,conJudg,,image-slider-response,175,,/task/129839/2/asset/775.jpg,wug,FL,100,vlbgw
177,1603187392827,20/10/2020 09:49:52,1603187393927,1,20/10/2020 10:49:53,28739,2,task-95gb,,7327985,,2138447,,live,,,computer,Desktop or Laptop,Windows 10,Chrome 86.0.4240.75,1600x900,1778x841,,exp2_visual_testing,2,LF,FL,null,"<div style=""font-size:60px;"">+</div>",null,,,html-keyboard-response,176,,,,,,vlbgw
178,1603187394988,20/10/2020 09:49:54,1603187396080,1,20/10/2020 10:49:56,28739,2,task-95gb,,7327985,,2138447,,live,,,computer,Desktop or Laptop,Windows 10,Chrome 86.0.4240.75,1600x900,1778x841,,exp2_visual_testing,2,LF,FL,2143.4899999876507,,100,conJudg,,image-slider-response,177,,/task/129839/2/asset/1075.jpg,wug,FL,100,vlbgw
179,1603187395988,20/10/2020 09:49:55,1603187397094,1,20/10/2020 10:49:57,28739,2,task-95gb,,7327985,,2138447,,live,,,computer,Desktop or Laptop,Windows 10,Chrome 86.0.4240.75,1600x900,1778x841,,exp2_visual_testing,2,LF,FL,null,"<div style=""font-size:60px;"">+</div>",null,,,html-keyboard-response,178,,,,,,vlbgw
180,1603187398776,20/10/2020 09:49:58,1603187399879,1,20/10/2020 10:49:59,28739,2,task-95gb,,7327985,,2138447,,live,,,computer,Desktop or Laptop,Windows 10,Chrome 86.0.4240.75,1600x900,1778x841,,exp2_visual_testing,2,LF,FL,2774.4499999971595,,-97,conJudg,,image-slider-response,179,,/task/129839/2/asset/1775.jpg,tob,FL,-97,vlbgw
181,1603187399794,20/10/2020 09:49:59,1603187400891,1,20/10/2020 10:50:00,28739,2,task-95gb,,7327985,,2138447,,live,,,computer,Desktop or Laptop,Windows 10,Chrome 86.0.4240.75,1600x900,1778x841,,exp2_visual_testing,2,LF,FL,null,"<div style=""font-size:60px;"">+</div>",null,,,html-keyboard-response,180,,,,,,vlbgw
182,1603187403185,20/10/2020 09:50:03,1603187404279,1,20/10/2020 10:50:04,28739,2,task-95gb,,7327985,,2138447,,live,,,computer,Desktop or Laptop,Windows 10,Chrome 86.0.4240.75,1600x900,1778x841,,exp2_visual_testing,2,LF,FL,3379.270000004908,,97,conJudg,,image-slider-response,181,,/task/129839/2/asset/1425.jpg,dep,FL,97,vlbgw
183,1603187404201,20/10/2020 09:50:04,1603187405296,1,20/10/2020 10:50:05,28739,2,task-95gb,,7327985,,2138447,,live,,,computer,Desktop or Laptop,Windows 10,Chrome 86.0.4240.75,1600x900,1778x841,,exp2_visual_testing,2,LF,FL,null,"<div style=""font-size:60px;"">+</div>",null,,,html-keyboard-response,182,,,,,,vlbgw
184,1603187409970,20/10/2020 09:50:09,1603187411027,1,20/10/2020 10:50:11,28739,2,task-95gb,,7327985,,2138447,,live,,,computer,Desktop or Laptop,Windows 10,Chrome 86.0.4240.75,1600x900,1778x841,,exp2_visual_testing,2,LF,FL,5719.464999987395,,100,conJudg,,image-slider-response,183,,/task/129839/2/asset/1375.jpg,dep,FL,100,vlbgw
185,1603187410955,20/10/2020 09:50:10,1603187412035,1,20/10/2020 10:50:12,28739,2,task-95gb,,7327985,,2138447,,live,,,computer,Desktop or Laptop,Windows 10,Chrome 86.0.4240.75,1600x900,1778x841,,exp2_visual_testing,2,LF,FL,null,"<div style=""font-size:60px;"">+</div>",null,,,html-keyboard-response,184,,,,,,vlbgw
186,1603187416696,20/10/2020 09:50:16,1603187417788,1,20/10/2020 10:50:17,28739,2,task-95gb,,7327985,,2138447,,live,,,computer,Desktop or Laptop,Windows 10,Chrome 86.0.4240.75,1600x900,1778x841,,exp2_visual_testing,2,LF,FL,5740.149999997811,,99,conJudg,,image-slider-response,185,,/task/129839/2/asset/725.jpg,wug,FL,99,vlbgw
187,1603187417697,20/10/2020 09:50:17,1603187418800,1,20/10/2020 10:50:18,28739,2,task-95gb,,7327985,,2138447,,live,,,computer,Desktop or Laptop,Windows 10,Chrome 86.0.4240.75,1600x900,1778x841,,exp2_visual_testing,2,LF,FL,null,"<div style=""font-size:60px;"">+</div>",null,,,html-keyboard-response,186,,,,,,vlbgw
188,1603187423431,20/10/2020 09:50:23,1603187424518,1,20/10/2020 10:50:24,28739,2,task-95gb,,7327985,,2138447,,live,,,computer,Desktop or Laptop,Windows 10,Chrome 86.0.4240.75,1600x900,1778x841,,exp2_visual_testing,2,LF,FL,5707.634999998845,,-100,conJudg,,image-slider-response,187,,/task/129839/2/asset/2375.jpg,wug,FL,-100,vlbgw
189,1603187424432,20/10/2020 09:50:24,1603187425535,1,20/10/2020 10:50:25,28739,2,task-95gb,,7327985,,2138447,,live,,,computer,Desktop or Laptop,Windows 10,Chrome 86.0.4240.75,1600x900,1778x841,,exp2_visual_testing,2,LF,FL,null,"<div style=""font-size:60px;"">+</div>",null,,,html-keyboard-response,188,,,,,,vlbgw
190,1603187428894,20/10/2020 09:50:28,1603187429991,1,20/10/2020 10:50:29,28739,2,task-95gb,,7327985,,2138447,,live,,,computer,Desktop or Laptop,Windows 10,Chrome 86.0.4240.75,1600x900,1778x841,,exp2_visual_testing,2,LF,FL,4445.779999994556,,-100,conJudg,,image-slider-response,189,,/task/129839/2/asset/1925.jpg,tob,FL,-100,vlbgw
191,1603187429915,20/10/2020 09:50:29,1603187431003,1,20/10/2020 10:50:31,28739,2,task-95gb,,7327985,,2138447,,live,,,computer,Desktop or Laptop,Windows 10,Chrome 86.0.4240.75,1600x900,1778x841,,exp2_visual_testing,2,LF,FL,null,"<div style=""font-size:60px;"">+</div>",null,,,html-keyboard-response,190,,,,,,vlbgw
192,1603187433008,20/10/2020 09:50:33,1603187434096,1,20/10/2020 10:50:34,28739,2,task-95gb,,7327985,,2138447,,live,,,computer,Desktop or Laptop,Windows 10,Chrome 86.0.4240.75,1600x900,1778x841,,exp2_visual_testing,2,LF,FL,3082.7549999958137,,-100,conJudg,,image-slider-response,191,,/task/129839/2/asset/1975.jpg,tob,FL,-100,vlbgw
193,1603187434024,20/10/2020 09:50:34,1603187435111,1,20/10/2020 10:50:35,28739,2,task-95gb,,7327985,,2138447,,live,,,computer,Desktop or Laptop,Windows 10,Chrome 86.0.4240.75,1600x900,1778x841,,exp2_visual_testing,2,LF,FL,null,"<div style=""font-size:60px;"">+</div>",null,,,html-keyboard-response,192,,,,,,vlbgw
194,1603187438589,20/10/2020 09:50:38,1603187439688,1,20/10/2020 10:50:39,28739,2,task-95gb,,7327985,,2138447,,live,,,computer,Desktop or Laptop,Windows 10,Chrome 86.0.4240.75,1600x900,1778x841,,exp2_visual_testing,2,LF,FL,4565.990000002785,,100,conJudg,,image-slider-response,193,,/task/129839/2/asset/1125.jpg,dep,FL,100,vlbgw
195,1603187439604,20/10/2020 09:50:39,1603187440698,1,20/10/2020 10:50:40,28739,2,task-95gb,,7327985,,2138447,,live,,,computer,Desktop or Laptop,Windows 10,Chrome 86.0.4240.75,1600x900,1778x841,,exp2_visual_testing,2,LF,FL,null,"<div style=""font-size:60px;"">+</div>",null,,,html-keyboard-response,194,,,,,,vlbgw
196,1603187442698,20/10/2020 09:50:42,1603187443786,1,20/10/2020 10:50:43,28739,2,task-95gb,,7327985,,2138447,,live,,,computer,Desktop or Laptop,Windows 10,Chrome 86.0.4240.75,1600x900,1778x841,,exp2_visual_testing,2,LF,FL,3076.9099999888567,,-100,conJudg,,image-slider-response,195,,/task/129839/2/asset/1875.jpg,tob,FL,-100,vlbgw
197,1603187443704,20/10/2020 09:50:43,1603187444801,1,20/10/2020 10:50:44,28739,2,task-95gb,,7327985,,2138447,,live,,,computer,Desktop or Laptop,Windows 10,Chrome 86.0.4240.75,1600x900,1778x841,,exp2_visual_testing,2,LF,FL,null,"<div style=""font-size:60px;"">+</div>",null,,,html-keyboard-response,196,,,,,,vlbgw
198,1603187447832,20/10/2020 09:50:47,1603187448932,1,20/10/2020 10:50:48,28739,2,task-95gb,,7327985,,2138447,,live,,,computer,Desktop or Laptop,Windows 10,Chrome 86.0.4240.75,1600x900,1778x841,,exp2_visual_testing,2,LF,FL,4120.380000007572,,100,conJudg,,image-slider-response,197,,/task/129839/2/asset/675.jpg,wug,FL,100,vlbgw
199,1603187448852,20/10/2020 09:50:48,1603187449947,1,20/10/2020 10:50:49,28739,2,task-95gb,,7327985,,2138447,,live,,,computer,Desktop or Laptop,Windows 10,Chrome 86.0.4240.75,1600x900,1778x841,,exp2_visual_testing,2,LF,FL,null,"<div style=""font-size:60px;"">+</div>",null,,,html-keyboard-response,198,,,,,,vlbgw
200,1603187451863,20/10/2020 09:50:51,1603187452900,1,20/10/2020 10:50:52,28739,2,task-95gb,,7327985,,2138447,,live,,,computer,Desktop or Laptop,Windows 10,Chrome 86.0.4240.75,1600x900,1778x841,,exp2_visual_testing,2,LF,FL,2943.1899999908637,,-100,conJudg,,image-slider-response,199,,/task/129839/2/asset/2125.jpg,wug,FL,-100,vlbgw
201,1603187452816,20/10/2020 09:50:52,1603187453906,1,20/10/2020 10:50:53,28739,2,task-95gb,,7327985,,2138447,,live,,,computer,Desktop or Laptop,Windows 10,Chrome 86.0.4240.75,1600x900,1778x841,,exp2_visual_testing,2,LF,FL,null,"<div style=""font-size:60px;"">+</div>",null,,,html-keyboard-response,200,,,,,,vlbgw
202,1603187456757,20/10/2020 09:50:56,1603187457799,1,20/10/2020 10:50:57,28739,2,task-95gb,,7327985,,2138447,,live,,,computer,Desktop or Laptop,Windows 10,Chrome 86.0.4240.75,1600x900,1778x841,,exp2_visual_testing,2,LF,FL,3889.5400000037625,,-100,conJudg,,image-slider-response,201,,/task/129839/2/asset/2875.jpg,dep,FL,-100,vlbgw
203,1603187457790,20/10/2020 09:50:57,1603187458805,1,20/10/2020 10:50:58,28739,2,task-95gb,,7327985,,2138447,,live,,,computer,Desktop or Laptop,Windows 10,Chrome 86.0.4240.75,1600x900,1778x841,,exp2_visual_testing,2,LF,FL,null,"<div style=""font-size:60px;"">+</div>",null,,,html-keyboard-response,202,,,,,,vlbgw
204,1603187462842,20/10/2020 09:51:02,1603187463935,1,20/10/2020 10:51:03,28739,2,task-95gb,,7327985,,2138447,,live,,,computer,Desktop or Laptop,Windows 10,Chrome 86.0.4240.75,1600x900,1778x841,,exp2_visual_testing,2,LF,FL,5125.244999988354,,100,conJudg,,image-slider-response,203,,/task/129839/2/asset/1275.jpg,dep,FL,100,vlbgw
205,1603187463842,20/10/2020 09:51:03,1603187464949,1,20/10/2020 10:51:04,28739,2,task-95gb,,7327985,,2138447,,live,,,computer,Desktop or Laptop,Windows 10,Chrome 86.0.4240.75,1600x900,1778x841,,exp2_visual_testing,2,LF,FL,null,"<div style=""font-size:60px;"">+</div>",null,,,html-keyboard-response,204,,,,,,vlbgw
206,1603187467408,20/10/2020 09:51:07,1603187468500,1,20/10/2020 10:51:08,28739,2,task-95gb,,7327985,,2138447,,live,,,computer,Desktop or Laptop,Windows 10,Chrome 86.0.4240.75,1600x900,1778x841,,exp2_visual_testing,2,LF,FL,3542.670000009821,,100,conJudg,,image-slider-response,205,,/task/129839/2/asset/1575.jpg,dep,FL,100,vlbgw
207,1603187468424,20/10/2020 09:51:08,1603187469512,1,20/10/2020 10:51:09,28739,2,task-95gb,,7327985,,2138447,,live,,,computer,Desktop or Laptop,Windows 10,Chrome 86.0.4240.75,1600x900,1778x841,,exp2_visual_testing,2,LF,FL,null,"<div style=""font-size:60px;"">+</div>",null,,,html-keyboard-response,206,,,,,,vlbgw
208,1603187474823,20/10/2020 09:51:14,1603187475915,1,20/10/2020 10:51:15,28739,2,task-95gb,,7327985,,2138447,,live,,,computer,Desktop or Laptop,Windows 10,Chrome 86.0.4240.75,1600x900,1778x841,,exp2_visual_testing,2,LF,FL,6392.475000000559,,-100,conJudg,,image-slider-response,207,,/task/129839/2/asset/3075.jpg,dep,FL,-100,vlbgw
209,1603187475856,20/10/2020 09:51:15,1603187476931,1,20/10/2020 10:51:16,28739,2,task-95gb,,7327985,,2138447,,live,,,computer,Desktop or Laptop,Windows 10,Chrome 86.0.4240.75,1600x900,1778x841,,exp2_visual_testing,2,LF,FL,null,"<div style=""font-size:60px;"">+</div>",null,,,html-keyboard-response,208,,,,,,vlbgw
210,1603187479232,20/10/2020 09:51:19,1603187480325,1,20/10/2020 10:51:20,28739,2,task-95gb,,7327985,,2138447,,live,,,computer,Desktop or Laptop,Windows 10,Chrome 86.0.4240.75,1600x900,1778x841,,exp2_visual_testing,2,LF,FL,3382.484999994631,,-93,conJudg,,image-slider-response,209,,/task/129839/2/asset/1625.jpg,tob,FL,-93,vlbgw
211,1603187480264,20/10/2020 09:51:20,1603187481340,1,20/10/2020 10:51:21,28739,2,task-95gb,,7327985,,2138447,,live,,,computer,Desktop or Laptop,Windows 10,Chrome 86.0.4240.75,1600x900,1778x841,,exp2_visual_testing,2,LF,FL,null,"<div style=""font-size:60px;"">+</div>",null,,,html-keyboard-response,210,,,,,,vlbgw
212,1603187483357,20/10/2020 09:51:23,1603187484448,1,20/10/2020 10:51:24,28739,2,task-95gb,,7327985,,2138447,,live,,,computer,Desktop or Laptop,Windows 10,Chrome 86.0.4240.75,1600x900,1778x841,,exp2_visual_testing,2,LF,FL,3098.0649999983143,,-100,conJudg,,image-slider-response,211,,/task/129839/2/asset/2025.jpg,tob,FL,-100,vlbgw
213,1603187484389,20/10/2020 09:51:24,1603187485455,1,20/10/2020 10:51:25,28739,2,task-95gb,,7327985,,2138447,,live,,,computer,Desktop or Laptop,Windows 10,Chrome 86.0.4240.75,1600x900,1778x841,,exp2_visual_testing,2,LF,FL,null,"<div style=""font-size:60px;"">+</div>",null,,,html-keyboard-response,212,,,,,,vlbgw
214,1603187487083,20/10/2020 09:51:27,1603187488178,1,20/10/2020 10:51:28,28739,2,task-95gb,,7327985,,2138447,,live,,,computer,Desktop or Laptop,Windows 10,Chrome 86.0.4240.75,1600x900,1778x841,,exp2_visual_testing,2,LF,FL,2713.4450000012293,,96,conJudg,,image-slider-response,213,,/task/129839/2/asset/875.jpg,wug,FL,96,vlbgw
215,1603187488083,20/10/2020 09:51:28,1603187489188,1,20/10/2020 10:51:29,28739,2,task-95gb,,7327985,,2138447,,live,,,computer,Desktop or Laptop,Windows 10,Chrome 86.0.4240.75,1600x900,1778x841,,exp2_visual_testing,2,LF,FL,null,"<div style=""font-size:60px;"">+</div>",null,,,html-keyboard-response,214,,,,,,vlbgw
216,1603187494445,20/10/2020 09:51:34,1603187495526,1,20/10/2020 10:51:35,28739,2,task-95gb,,7327985,,2138447,,live,,,computer,Desktop or Laptop,Windows 10,Chrome 86.0.4240.75,1600x900,1778x841,,exp2_visual_testing,2,LF,FL,6330.34499999485,,-96,conJudg,,image-slider-response,215,,/task/129839/2/asset/2825.jpg,dep,FL,-96,vlbgw
217,1603187495431,20/10/2020 09:51:35,1603187496538,1,20/10/2020 10:51:36,28739,2,task-95gb,,7327985,,2138447,,live,,,computer,Desktop or Laptop,Windows 10,Chrome 86.0.4240.75,1600x900,1778x841,,exp2_visual_testing,2,LF,FL,null,"<div style=""font-size:60px;"">+</div>",null,,,html-keyboard-response,216,,,,,,vlbgw
218,1603187499088,20/10/2020 09:51:39,1603187500119,1,20/10/2020 10:51:40,28739,2,task-95gb,,7327985,,2138447,,live,,,computer,Desktop or Laptop,Windows 10,Chrome 86.0.4240.75,1600x900,1778x841,,exp2_visual_testing,2,LF,FL,3568.1599999952596,,98,conJudg,,image-slider-response,217,,/task/129839/2/asset/825.jpg,wug,FL,98,vlbgw
219,1603187500041,20/10/2020 09:51:40,1603187501137,1,20/10/2020 10:51:41,28739,2,task-95gb,,7327985,,2138447,,live,,,computer,Desktop or Laptop,Windows 10,Chrome 86.0.4240.75,1600x900,1778x841,,exp2_visual_testing,2,LF,FL,null,"<div style=""font-size:60px;"">+</div>",null,,,html-keyboard-response,218,,,,,,vlbgw
220,1603187503073,20/10/2020 09:51:43,1603187504116,1,20/10/2020 10:51:44,28739,2,task-95gb,,7327985,,2138447,,live,,,computer,Desktop or Laptop,Windows 10,Chrome 86.0.4240.75,1600x900,1778x841,,exp2_visual_testing,2,LF,FL,2969.6699999913108,,100,conJudg,,image-slider-response,219,,/task/129839/2/asset/275.jpg,tob,FL,100,vlbgw
221,1603187504030,20/10/2020 09:51:44,1603187505134,1,20/10/2020 10:51:45,28739,2,task-95gb,,7327985,,2138447,,live,,,computer,Desktop or Laptop,Windows 10,Chrome 86.0.4240.75,1600x900,1778x841,,exp2_visual_testing,2,LF,FL,null,"<div style=""font-size:60px;"">+</div>",null,,,html-keyboard-response,220,,,,,,vlbgw
222,1603187506874,20/10/2020 09:51:46,1603187507967,1,20/10/2020 10:51:47,28739,2,task-95gb,,7327985,,2138447,,live,,,computer,Desktop or Laptop,Windows 10,Chrome 86.0.4240.75,1600x900,1778x841,,exp2_visual_testing,2,LF,FL,2823.4249999950407,,98,conJudg,,image-slider-response,221,,/task/129839/2/asset/1175.jpg,dep,FL,98,vlbgw
223,1603187507874,20/10/2020 09:51:47,1603187508982,1,20/10/2020 10:51:48,28739,2,task-95gb,,7327985,,2138447,,live,,,computer,Desktop or Laptop,Windows 10,Chrome 86.0.4240.75,1600x900,1778x841,,exp2_visual_testing,2,LF,FL,null,"<div style=""font-size:60px;"">+</div>",null,,,html-keyboard-response,222,,,,,,vlbgw
224,1603187511037,20/10/2020 09:51:51,1603187512128,1,20/10/2020 10:51:52,28739,2,task-95gb,,7327985,,2138447,,live,,,computer,Desktop or Laptop,Windows 10,Chrome 86.0.4240.75,1600x900,1778x841,,exp2_visual_testing,2,LF,FL,3135.8199999958742,,100,conJudg,,image-slider-response,223,,/task/129839/2/asset/325.jpg,tob,FL,100,vlbgw
225,1603187512037,20/10/2020 09:51:52,1603187513137,1,20/10/2020 10:51:53,28739,2,task-95gb,,7327985,,2138447,,live,,,computer,Desktop or Laptop,Windows 10,Chrome 86.0.4240.75,1600x900,1778x841,,exp2_visual_testing,2,LF,FL,null,"<div style=""font-size:60px;"">+</div>",null,,,html-keyboard-response,224,,,,,,vlbgw
226,1603187515103,20/10/2020 09:51:55,1603187516197,1,20/10/2020 10:51:56,28739,2,task-95gb,,7327985,,2138447,,live,,,computer,Desktop or Laptop,Windows 10,Chrome 86.0.4240.75,1600x900,1778x841,,exp2_visual_testing,2,LF,FL,3048.1049999943934,,100,conJudg,,image-slider-response,225,,/task/129839/2/asset/225.jpg,tob,FL,100,vlbgw
227,1603187516118,20/10/2020 09:51:56,1603187517210,1,20/10/2020 10:51:57,28739,2,task-95gb,,7327985,,2138447,,live,,,computer,Desktop or Laptop,Windows 10,Chrome 86.0.4240.75,1600x900,1778x841,,exp2_visual_testing,2,LF,FL,null,"<div style=""font-size:60px;"">+</div>",null,,,html-keyboard-response,226,,,,,,vlbgw
228,1603187519621,20/10/2020 09:51:59,1603187520723,1,20/10/2020 10:52:00,28739,2,task-95gb,,7327985,,2138447,,live,,,computer,Desktop or Laptop,Windows 10,Chrome 86.0.4240.75,1600x900,1778x841,,exp2_visual_testing,2,LF,FL,3502.5650000025053,,98,conJudg,,image-slider-response,227,,/task/129839/2/asset/1475.jpg,dep,FL,98,vlbgw
229,1603187520653,20/10/2020 09:52:00,1603187521735,1,20/10/2020 10:52:01,28739,2,task-95gb,,7327985,,2138447,,live,,,computer,Desktop or Laptop,Windows 10,Chrome 86.0.4240.75,1600x900,1778x841,,exp2_visual_testing,2,LF,FL,null,"<div style=""font-size:60px;"">+</div>",null,,,html-keyboard-response,228,,,,,,vlbgw
230,1603187524279,20/10/2020 09:52:04,1603187525315,1,20/10/2020 10:52:05,28739,2,task-95gb,,7327985,,2138447,,live,,,computer,Desktop or Laptop,Windows 10,Chrome 86.0.4240.75,1600x900,1778x841,,exp2_visual_testing,2,LF,FL,3570.5999999918276,,-83,conJudg,,image-slider-response,229,,/task/129839/2/asset/2625.jpg,dep,FL,-83,vlbgw
231,1603187525232,20/10/2020 09:52:05,1603187526331,1,20/10/2020 10:52:06,28739,2,task-95gb,,7327985,,2138447,,live,,,computer,Desktop or Laptop,Windows 10,Chrome 86.0.4240.75,1600x900,1778x841,,exp2_visual_testing,2,LF,FL,null,"<div style=""font-size:60px;"">+</div>",null,,,html-keyboard-response,230,,,,,,vlbgw
232,1603187528200,20/10/2020 09:52:08,1603187529298,1,20/10/2020 10:52:09,28739,2,task-95gb,,7327985,,2138447,,live,,,computer,Desktop or Laptop,Windows 10,Chrome 86.0.4240.75,1600x900,1778x841,,exp2_visual_testing,2,LF,FL,2956.879999997909,,-88,conJudg,,image-slider-response,231,,/task/129839/2/asset/2575.jpg,wug,FL,-88,vlbgw
233,1603187529263,20/10/2020 09:52:09,1603187530312,1,20/10/2020 10:52:10,28739,2,task-95gb,,7327985,,2138447,,live,,,computer,Desktop or Laptop,Windows 10,Chrome 86.0.4240.75,1600x900,1778x841,,exp2_visual_testing,2,LF,FL,null,"<div style=""font-size:60px;"">+</div>",null,,,html-keyboard-response,232,,,,,,vlbgw
234,1603187532421,20/10/2020 09:52:12,1603187533515,1,20/10/2020 10:52:13,28739,2,task-95gb,,7327985,,2138447,,live,,,computer,Desktop or Laptop,Windows 10,Chrome 86.0.4240.75,1600x900,1778x841,,exp2_visual_testing,2,LF,FL,3193.010000002687,,100,conJudg,,image-slider-response,233,,/task/129839/2/asset/575.jpg,tob,FL,100,vlbgw
235,1603187549342,20/10/2020 09:52:29,1603187550429,1,20/10/2020 10:52:30,28739,2,task-95gb,,7327985,,2138447,,live,,,computer,Desktop or Laptop,Windows 10,Chrome 86.0.4240.75,1600x900,1778x841,,exp2_visual_testing,2,LF,FL,NA,,,instructions,,instructions,234,,,,,,vlbgw
236,1603187550373,20/10/2020 09:52:30,1603187551440,1,20/10/2020 10:52:31,28739,2,task-95gb,,7327985,,2138447,,live,,,computer,Desktop or Laptop,Windows 10,Chrome 86.0.4240.75,1600x900,1778x841,,exp2_visual_testing,2,LF,FL,,,,,,fullscreen,235,,,,,,vlbgw
END OF FILE,,,,,,,,,,,,,,,,,,,,,,,,,,,,,,,,,,,,,,,,
